ec5_uuid,created_at,uploaded_at,title,1_Establishing_a_new,lat_3_GPS_Location,long_3_GPS_Location,accuracy_3_GPS_Location,UTM_Northing_3_GPS_Location,UTM_Easting_3_GPS_Location,UTM_Zone_3_GPS_Location,4_Hexagon_,5_Plot_,6_Elevation_m,7_Slope___or_,8_Aspect,9_Slope_Position,10_Surface_Shape,11_Slope_Length,12_Slope_Uniformity,13_Slope_Continuity,14_Photo__North,15_Photo__East,16_Photo__South,17_Photo__West,18_Photo__VegGround,19_Photo__Overhead,20_Additional_Commen,22_Hexagon_,23_Plot_,24_Species,25_If_other_fill_in,26_Is_it_a_snag,27_DBH_cm__tenth_dec,28_Age_Taken,29_If_age_is_taken_r,30_For_tress_that_ar,31_Tree_Class,32_Live_crown_class,33_Conk,34_Blind_Conk,35_Fork_Crook,36_Scar,37_Frost_Damage,38_Mistletoe,39_Rotten_Bark,40_Dead_or_broken_to,41_Insect_Damage,42_Fire_Damage,43_Down_Tree,44_Additional_Commen,lat_46_399m_Plot_Centre_,long_46_399m_Plot_Centre_,accuracy_46_399m_Plot_Centre_,UTM_Northing_46_399m_Plot_Centre_,UTM_Easting_46_399m_Plot_Centre_,UTM_Zone_46_399m_Plot_Centre_,47_Hexagon_,48_Plot_,49_399m_Plot,51_Hexagon_,52_Plot_,53_Sub_Plot_,54_Sapling_or_Regene,55_Species,56_If_other_fill_in,57_Regeneration_Heig,58_Tree_count_indivi,59_Avg_DBH_Sapling_o,60_Avg_Height_Saplin,61_Additional_Commen,lat_63_CWD_POC_Location,long_63_CWD_POC_Location,accuracy_63_CWD_POC_Location,UTM_Northing_63_CWD_POC_Location,UTM_Easting_63_CWD_POC_Location,UTM_Zone_63_CWD_POC_Location,64_Hexagon_,65_Plot_,66_Transect_,67_Azimuth,69_Hexagon_,70_Plot_,71_Transect_,72_Position_along_tr,73_Type_of_CWD,74_If_other_and_it_i,75_Species,76_Decay_class,77_DBH_at_transect_c,78_Length_cm,79_DBH_Left_cm__tent,80_Distance_off_grou,81_DBH_Right_cm__ten,82_Distance_off_grou,83_Tag_Id,84_Additional_Commen
b27e898f-f0d3-48a1-8677-aad4541699fb,2021-07-09T19:55:56.848Z,2021-07-12T01:17:59.000Z,11,"No, 11.28m Plot - Core Tree collection",,,,,,,,,,,,,,,,,,,,,,,,11,3,Sx: spruce hybrid,,Standing (Live),57.5,,,,5: Mature,4 (75-100% healthy),,,,,,,,,,,,,,,,,,,,,,,,,,,,,,,,,,,,,,,,,,,,,,,,,,,,,,,,,,
4c841d27-31a1-49ab-b760-49e6a49f45f9,2021-07-09T19:51:52.657Z,2021-07-12T01:17:57.000Z,11,"No, 11.28m Plot - Core Tree collection",,,,,,,,,,,,,,,,,,,,,,,,11,3,Bl: subalpine fir,,Snag (Dead) (45-90%) ,13.5,,,,9: Younger immature - Dead potential,1 (0-25% healthy),,,,,,,,,,,,,,,,,,,,,,,,,,,,,,,,,,,,,,,,,,,,,,,,,,,,,,,,,,
bcbec4c5-1bb9-4427-9d61-9fa7d2336b9e,2021-07-09T19:50:11.366Z,2021-07-12T01:17:55.000Z,11,"No, 11.28m Plot - Core Tree collection",,,,,,,,,,,,,,,,,,,,,,,,11,3,Bl: subalpine fir,,Snag (Dead) (45-90%) ,8.8,,,,9: Younger immature - Dead potential,1 (0-25% healthy),,,,,,,,,,,,,,,,,,,,,,,,,,,,,,,,,,,,,,,,,,,,,,,,,,,,,,,,,,
4443c8c9-5756-450b-9505-d1d4f5c78a78,2021-07-09T19:48:23.306Z,2021-07-12T01:17:53.000Z,11,"No, 11.28m Plot - Core Tree collection",,,,,,,,,,,,,,,,,,,,,,,,11,3,Bl: subalpine fir,,Standing (Live),23.2,,,,8: Younger immature,3 (50-75% healthy),,,,1: Bottom 1/3 only,,,,,,,,,,,,,,,,,,,,,,,,,,,,,,,,,,,,,,,,,,,,,,,,,,,,,,
3473e720-96ee-42cf-a2df-87794720ac04,2021-07-09T19:47:06.996Z,2021-07-12T01:17:51.000Z,11,"No, 11.28m Plot - Core Tree collection",,,,,,,,,,,,,,,,,,,,,,,,11,3,Bl: subalpine fir,,Standing (Live),13,,,,8: Younger immature,4 (75-100% healthy),,,3: Top 1/3 only,,,,,,,,,,,,,,,,,,,,,,,,,,,,,,,,,,,,,,,,,,,,,,,,,,,,,,,
c7e287ca-b7b0-4021-837a-3123b6da2412,2021-07-09T19:43:01.447Z,2021-07-12T01:17:49.000Z,11,"No, 11.28m Plot - Core Tree collection",,,,,,,,,,,,,,,,,,,,,,,,11,3,Sx: spruce hybrid,,Standing (Live),33.3,,,,1: Older Immature,4 (75-100% healthy),,,,,,,,,,,,,,,,,,,,,,,,,,,,,,,,,,,,,,,,,,,,,,,,,,,,,,,,,,
faa9d9fa-c760-4a8d-b066-3f26286dc6e9,2021-07-09T19:42:10.295Z,2021-07-12T01:17:47.000Z,11,"No, 11.28m Plot - Core Tree collection",,,,,,,,,,,,,,,,,,,,,,,,11,3,Sx: spruce hybrid,,Standing (Live),29.5,,,,1: Older Immature,4 (75-100% healthy),,,,,,,,,,,,,,,,,,,,,,,,,,,,,,,,,,,,,,,,,,,,,,,,,,,,,,,,,,
d2aff60e-168e-45e2-b750-8a5c265cd67e,2021-07-09T19:39:35.954Z,2021-07-12T01:17:46.000Z,11,"No, 11.28m Plot - Core Tree collection",,,,,,,,,,,,,,,,,,,,,,,,11,3,Sx: spruce hybrid,,Standing (Live),17.3,,,,8: Younger immature,4 (75-100% healthy),,,,,,,,,,,,,,,,,,,,,,,,,,,,,,,,,,,,,,,,,,,,,,,,,,,,,,,,,,
a80d5fec-60f7-4b57-a6ff-70fb67c30c2b,2021-07-09T19:37:17.544Z,2021-07-12T01:17:44.000Z,11,"No, 11.28m Plot - Core Tree collection",,,,,,,,,,,,,,,,,,,,,,,,11,3,Sx: spruce hybrid,,Standing (Live),9.6,,,,8: Younger immature,3 (50-75% healthy),,,3: Top 1/3 only,,,,,,,,,,,,,,,,,,,,,,,,,,,,,,,,,,,,,,,,,,,,,,,,,,,,,,,
7d05243f-cb2b-41b9-bf07-77d544df07d9,2021-07-09T19:35:35.531Z,2021-07-12T01:17:42.000Z,11,"No, 11.28m Plot - Core Tree collection",,,,,,,,,,,,,,,,,,,,,,,,11,3,Sx: spruce hybrid,,Standing (Live),22.8,,,,8: Younger immature,4 (75-100% healthy),,,,,,,,,,,,,,,,,,,,,,,,,,,,,,,,,,,,,,,,,,,,,,,,,,,,,,,,,,
d122a259-44e5-44d3-ac44-b26635d96580,2021-07-09T19:32:48.148Z,2021-07-12T01:17:40.000Z,11,"No, 11.28m Plot - Core Tree collection",,,,,,,,,,,,,,,,,,,,,,,,11,3,Bl: subalpine fir,,Standing (Live),13.1,,,,8: Younger immature,3 (50-75% healthy),,,,,,,,,,,,,,,,,,,,,,,,,,,,,,,,,,,,,,,,,,,,,,,,,,,,,,,,,,
b0ec3d01-aa46-4c6e-9356-d8b2cec65d40,2021-07-09T19:31:17.494Z,2021-07-12T01:17:38.000Z,11,"No, 11.28m Plot - Core Tree collection",,,,,,,,,,,,,,,,,,,,,,,,11,3,Bl: subalpine fir,,Standing (Live),30.1,,,,1: Older Immature,4 (75-100% healthy),,,,,,,,,,,,,,,,,,,,,,,,,,,,,,,,,,,,,,,,,,,,,,,,,,,,,,,,,,
33226949-1278-4881-9e14-73a51725bf88,2021-07-09T19:27:08.291Z,2021-07-12T01:17:36.000Z,11,"No, 11.28m Plot - Core Tree collection",,,,,,,,,,,,,,,,,,,,,,,,11,3,Bl: subalpine fir,,Standing (Live),7.7,,,,8: Younger immature,2 (25-50% healthy),,,,,,,,3: Top 1/3 only,,,,,,,,,,,,,,,,,,,,,,,,,,,,,,,,,,,,,,,,,,,,,,,,,,
86624091-b67c-417a-9980-22fa5595a2cc,2021-07-09T19:25:50.111Z,2021-07-12T01:17:34.000Z,11,"No, 11.28m Plot - Core Tree collection",,,,,,,,,,,,,,,,,,,,,,,,11,3,Bl: subalpine fir,,Standing (Live),8,,,,8: Younger immature,3 (50-75% healthy),,,3: Top 1/3 only,4: Bottom and middle,,,,,,,,,,,,,,,,,,,,,,,,,,,,,,,,,,,,,,,,,,,,,,,,,,,,,,
69cd4e11-c50a-4714-b6ea-8b177a4a0f04,2021-07-09T19:24:26.686Z,2021-07-12T01:17:32.000Z,11,"No, 11.28m Plot - Core Tree collection",,,,,,,,,,,,,,,,,,,,,,,,11,3,Sx: spruce hybrid,,Standing (Live),16,,,,8: Younger immature,3 (50-75% healthy),,,,,,,,,,,,,,,,,,,,,,,,,,,,,,,,,,,,,,,,,,,,,,,,,,,,,,,,,,
b34314e0-e0b9-4cf6-8d97-b8d18f244ae4,2021-07-09T19:22:51.325Z,2021-07-12T01:17:30.000Z,11,"No, 11.28m Plot - Core Tree collection",,,,,,,,,,,,,,,,,,,,,,,,11,3,Sx: spruce hybrid,,Standing (Live),26.7,,,,8: Younger immature,4 (75-100% healthy),,,,,,1: Bottom 1/3 only,,,,,,,,,,,,,,,,,,,,,,,,,,,,,,,,,,,,,,,,,,,,,,,,,,,,
44cc6b9b-dd91-4e54-a949-83fe007b1c2e,2021-07-09T19:20:19.574Z,2021-07-12T01:17:28.000Z,11,"No, 11.28m Plot - Core Tree collection",,,,,,,,,,,,,,,,,,,,,,,,11,3,Sx: spruce hybrid,,Standing (Live),30.6,,,,8: Younger immature,4 (75-100% healthy),,,,,,,,,,,,,,,,,,,,,,,,,,,,,,,,,,,,,,,,,,,,,,,,,,,,,,,,,,
78359913-26af-45be-aef3-778d7057e99b,2021-07-09T19:17:39.359Z,2021-07-12T01:17:26.000Z,11,"No, 11.28m Plot - Core Tree collection",,,,,,,,,,,,,,,,,,,,,,,,11,3,Bl: subalpine fir,,Standing (Live),8,,,,8: Younger immature,4 (75-100% healthy),,,3: Top 1/3 only,,,,,,,,,,,,,,,,,,,,,,,,,,,,,,,,,,,,,,,,,,,,,,,,,,,,,,,
8e682995-2923-42c9-8a57-3675170b49d8,2021-07-09T19:15:23.444Z,2021-07-12T01:17:24.000Z,11,"No, 11.28m Plot - Core Tree collection",,,,,,,,,,,,,,,,,,,,,,,,11,3,Bl: subalpine fir,,Standing (Live),20.5,,,,8: Younger immature,3 (50-75% healthy),,,,1: Bottom 1/3 only,,,,,,,,,,,,,,,,,,,,,,,,,,,,,,,,,,,,,,,,,,,,,,,,,,,,,,
193a260b-0848-4725-9b30-88002789b0b6,2021-07-09T19:11:13.789Z,2021-07-12T01:17:22.000Z,11,"No, 11.28m Plot - Core Tree collection",,,,,,,,,,,,,,,,,,,,,,,,11,3,Other,Unknown,Down (Dead) (0-45%),25.8,,,,4: Dead useless,1 (0-25% healthy),,,,,,,,,,,G: More than one clean break OR more shattered Break ,,,,,,,,,,,,,,,,,,,,,,,,,,,,,,,,,,,,,,,,,,,,,,,
9e01c86b-c245-406d-bda6-38269186a3c6,2021-07-09T19:09:33.164Z,2021-07-12T01:17:20.000Z,11,"No, 11.28m Plot - Core Tree collection",,,,,,,,,,,,,,,,,,,,,,,,11,3,Bl: subalpine fir,,Down (Dead) (0-45%),23.5,,,,4: Dead useless,1 (0-25% healthy),,,,,,,,,,,E: Less than or equal to one clean break,,,,,,,,,,,,,,,,,,,,,,,,,,,,,,,,,,,,,,,,,,,,,,,
e716d12b-81a4-4ec8-a97e-dc4197004019,2021-07-09T19:07:27.619Z,2021-07-12T01:17:18.000Z,11,"No, 11.28m Plot - Core Tree collection",,,,,,,,,,,,,,,,,,,,,,,,11,3,Other,Unknown,Down (Dead) (0-45%),20.2,,,,4: Dead useless,1 (0-25% healthy),,,,,,,,,,,G: More than one clean break OR more shattered Break ,,,,,,,,,,,,,,,,,,,,,,,,,,,,,,,,,,,,,,,,,,,,,,,
441a8fd7-b072-401e-993a-8468e408ae3d,2021-07-09T19:04:22.269Z,2021-07-12T01:17:16.000Z,11,"No, 11.28m Plot - Core Tree collection",,,,,,,,,,,,,,,,,,,,,,,,11,3,Bl: subalpine fir,,Down (Dead) (0-45%),22.1,,,,4: Dead useless,1 (0-25% healthy),,,,,,,,,,,G: More than one clean break OR more shattered Break ,,,,,,,,,,,,,,,,,,,,,,,,,,,,,,,,,,,,,,,,,,,,,,,
536ceefc-4f82-4f6e-b921-78b5ec827cf7,2021-07-09T19:01:49.661Z,2021-07-12T01:17:14.000Z,11,"No, 11.28m Plot - Core Tree collection",,,,,,,,,,,,,,,,,,,,,,,,11,3,Bl: subalpine fir,,Down (Dead) (0-45%),35.4,,,,4: Dead useless,1 (0-25% healthy),,,,,,,,,,,E: Less than or equal to one clean break,,,,,,,,,,,,,,,,,,,,,,,,,,,,,,,,,,,,,,,,,,,,,,,
de4a0855-120a-4655-899f-95b83dfca878,2021-07-09T18:58:27.560Z,2021-07-12T01:17:12.000Z,11,"No, 11.28m Plot - Core Tree collection",,,,,,,,,,,,,,,,,,,,,,,,11,3,Bl: subalpine fir,,Down (Dead) (0-45%),40.1,,,,4: Dead useless,1 (0-25% healthy),,,,,,,,,,,E: Less than or equal to one clean break,,,,,,,,,,,,,,,,,,,,,,,,,,,,,,,,,,,,,,,,,,,,,,,
763762e2-8d63-48b9-9d26-691c6174aec4,2021-07-09T18:57:06.724Z,2021-07-12T01:17:10.000Z,11,"No, 11.28m Plot - Core Tree collection",,,,,,,,,,,,,,,,,,,,,,,,11,3,Bl: subalpine fir,,Down (Dead) (0-45%),29.3,,,,4: Dead useless,1 (0-25% healthy),,,,,,,,,,,G: More than one clean break OR more shattered Break ,,,,,,,,,,,,,,,,,,,,,,,,,,,,,,,,,,,,,,,,,,,,,,,
92787d35-a9ef-4278-9ef6-299a4c11f130,2021-07-09T18:52:28.312Z,2021-07-12T01:17:09.000Z,11,"No, 11.28m Plot - Core Tree collection",,,,,,,,,,,,,,,,,,,,,,,,11,3,Sx: spruce hybrid,,Down (Dead) (0-45%),20,,,,9: Younger immature - Dead potential,1 (0-25% healthy),,,,,,,,,,,E: Less than or equal to one clean break,,,,,,,,,,,,,,,,,,,,,,,,,,,,,,,,,,,,,,,,,,,,,,,
2dc364de-263b-435b-8fc4-22721b932fd1,2021-07-09T18:48:42.904Z,2021-07-12T01:17:07.000Z,11,"No, 11.28m Plot - Core Tree collection",,,,,,,,,,,,,,,,,,,,,,,,11,3,Bl: subalpine fir,,Down (Dead) (0-45%),41.3,,,,3: Older Immature. Dead Potential,1 (0-25% healthy),,,,,,,,,,,G: More than one clean break OR more shattered Break ,,,,,,,,,,,,,,,,,,,,,,,,,,,,,,,,,,,,,,,,,,,,,,,
30326e23-c412-44b5-a646-bec5bdd8340f,2021-07-08T20:12:25.175Z,2021-07-12T01:39:51.000Z,10,"No, 11.28m Plot - Core Tree collection",,,,,,,,,,,,,,,,,,,,,,,,10,4,At: trembling aspen,,Standing (Live),41.1,Yes,H10P4SIT1,28.4,1: Older Immature,4 (75-100% healthy),,,,,,,,,,,,,,,,,,,,,,,,,,,,,,,,,,,,,,,,,,,,,,,,,,,,,,,,,,
02b13ddc-009d-4f87-a897-e7b34e5500b6,2021-07-08T20:06:31.819Z,2021-07-12T01:39:49.000Z,10,"No, 11.28m Plot - Core Tree collection",,,,,,,,,,,,,,,,,,,,,,,,10,4,At: trembling aspen,,Standing (Live),34.7,Yes,H10P4SIT2,27.3,1: Older Immature,4 (75-100% healthy),,,,,,,,,,,,,,,,,,,,,,,,,,,,,,,,,,,,,,,,,,,,,,,,,,,,,,,,,,
be4c46af-52f9-418f-b514-0cb6210cf5d0,2021-07-08T20:02:57.855Z,2021-07-12T01:39:47.000Z,10,"No, 11.28m Plot - Core Tree collection",,,,,,,,,,,,,,,,,,,,,,,,10,4,Sx: spruce hybrid,,Standing (Live),40.3,Yes,H10P4SIT4,29.8,5: Mature,4 (75-100% healthy),,,,1: Bottom 1/3 only,,,,,,,,,,,,,,,,,,,,,,,,,,,,,,,,,,,,,,,,,,,,,,,,,,,,,,
2f1b164d-6ad4-493c-ba7c-a4f1dc40bd46,2021-07-08T19:59:54.940Z,2021-07-12T01:39:45.000Z,10,"No, 11.28m Plot - Core Tree collection",,,,,,,,,,,,,,,,,,,,,,,,10,4,Sx: spruce hybrid,,Standing (Live),32.5,Yes,H10P4SIT3,26.8,8: Younger immature,4 (75-100% healthy),,,,,,,,,,,,,,,,,,,,,,,,,,,,,,,,,,,,,,,,,,,,,,,,,,,,,,,,,,
87ab3f28-066f-4e87-bee6-20ab7c7131bc,2021-07-08T19:57:37.038Z,2021-07-12T01:17:05.000Z,10,"No, 11.28m Plot - Core Tree collection",,,,,,,,,,,,,,,,,,,,,,,,10,4,Ac: poplar,,Down (Dead) (0-45%),49.8,,,,4: Dead useless,1 (0-25% healthy),,,,,,,,,,,G: More than one clean break OR more shattered Break ,,,,,,,,,,,,,,,,,,,,,,,,,,,,,,,,,,,,,,,,,,,,,,,
c9621691-bf1d-48e3-93ff-e5ce78b09800,2021-07-08T19:55:42.981Z,2021-07-12T01:39:43.000Z,10,"No, 11.28m Plot - Core Tree collection",,,,,,,,,,,,,,,,,,,,,,,,10,4,Sx: spruce hybrid,,Standing (Live),11.3,,,,8: Younger immature,3 (50-75% healthy),,,1: Bottom 1/3 only,2: Middle 1/3 only,,,,,,,,,,,,,,,,,,,,,,,,,,,,,,,,,,,,,,,,,,,,,,,,,,,,,,
9abfeb60-d0a8-4222-9e2e-56bab3f27a8a,2021-07-08T19:55:37.198Z,2021-07-12T01:17:03.000Z,10,"No, 11.28m Plot - Core Tree collection",,,,,,,,,,,,,,,,,,,,,,,,10,4,Other,,Down (Dead) (0-45%),30.4,,,,4: Dead useless,1 (0-25% healthy),,,,,,,,,,,G: More than one clean break OR more shattered Break ,,,,,,,,,,,,,,,,,,,,,,,,,,,,,,,,,,,,,,,,,,,,,,,
c771004f-9e18-47d5-89a0-83d00845793d,2021-07-08T19:54:17.815Z,2021-07-12T01:39:41.000Z,10,"No, 11.28m Plot - Core Tree collection",,,,,,,,,,,,,,,,,,,,,,,,10,4,Sx: spruce hybrid,,Standing (Live),9.4,,,,8: Younger immature,3 (50-75% healthy),,,2: Middle 1/3 only,,,,,,,,,,,,,,,,,,,,,,,,,,,,,,,,,,,,,,,,,,,,,,,,,,,,,,,
b350ad64-7e58-4ab1-9877-459bdd998df1,2021-07-08T19:51:44.647Z,2021-07-12T01:17:00.000Z,10,"No, 11.28m Plot - Core Tree collection",,,,,,,,,,,,,,,,,,,,,,,,10,4,Other,,Down (Dead) (0-45%),44.5,,,,4: Dead useless,1 (0-25% healthy),,,,,,,,,,,E: Less than or equal to one clean break,,,,,,,,,,,,,,,,,,,,,,,,,,,,,,,,,,,,,,,,,,,,,,,
fb996f0f-c851-4d7d-8b9f-010798550dae,2021-07-08T19:50:50.948Z,2021-07-12T01:39:39.000Z,10,"No, 11.28m Plot - Core Tree collection",,,,,,,,,,,,,,,,,,,,,,,,10,4,Sx: spruce hybrid,,Standing (Live),8.8,,,,8: Younger immature,3 (50-75% healthy),,,,,,,,,,,,,,,,,,,,,,,,,,,,,,,,,,,,,,,,,,,,,,,,,,,,,,,,,,
7edac051-49bf-4c59-a37f-85b66d26a964,2021-07-08T19:50:15.386Z,2021-07-12T01:16:58.000Z,10,"No, 11.28m Plot - Core Tree collection",,,,,,,,,,,,,,,,,,,,,,,,10,4,Sx: spruce hybrid,,Down (Dead) (0-45%),33.2,,,,4: Dead useless,1 (0-25% healthy),,,,,,,,,,,G: More than one clean break OR more shattered Break ,,,,,,,,,,,,,,,,,,,,,,,,,,,,,,,,,,,,,,,,,,,,,,,
741b969d-e4c0-444c-b217-1feb0f458505,2021-07-08T19:49:28.777Z,2021-07-12T01:39:37.000Z,10,"No, 11.28m Plot - Core Tree collection",,,,,,,,,,,,,,,,,,,,,,,,10,4,Bl: subalpine fir,,Standing (Live),22.7,,,,1: Older Immature,4 (75-100% healthy),,,,,,,,,,,,,,,,,,,,,,,,,,,,,,,,,,,,,,,,,,,,,,,,,,,,,,,,,,
e21cb5a9-9f3c-45bd-a73a-63e99dcaded6,2021-07-08T19:47:46.886Z,2021-07-12T01:39:35.000Z,10,"No, 11.28m Plot - Core Tree collection",,,,,,,,,,,,,,,,,,,,,,,,10,4,Sx: spruce hybrid,,Standing (Live),9.9,,,,8: Younger immature,3 (50-75% healthy),,,,1: Bottom 1/3 only,,,,,,,,Pistol butt,,,,,,,,,,,,,,,,,,,,,,,,,,,,,,,,,,,,,,,,,,,,,,
5970312d-7400-4334-84c2-b258830a2958,2021-07-08T19:45:49.316Z,2021-07-12T01:16:56.000Z,10,"No, 11.28m Plot - Core Tree collection",,,,,,,,,,,,,,,,,,,,,,,,10,4,Other,,Down (Dead) (0-45%),18.7,,,,9: Younger immature - Dead potential,1 (0-25% healthy),,,,,,,,,,,G: More than one clean break OR more shattered Break ,,,,,,,,,,,,,,,,,,,,,,,,,,,,,,,,,,,,,,,,,,,,,,,
c03649d0-f673-4a95-bb50-35bd28d58771,2021-07-08T19:44:46.244Z,2021-07-12T01:16:54.000Z,10,"No, 11.28m Plot - Core Tree collection",,,,,,,,,,,,,,,,,,,,,,,,10,4,Sx: spruce hybrid,,Down (Dead) (0-45%),25.9,,,,9: Younger immature - Dead potential,1 (0-25% healthy),,,,,,,,,,,G: More than one clean break OR more shattered Break ,,,,,,,,,,,,,,,,,,,,,,,,,,,,,,,,,,,,,,,,,,,,,,,
6cf798d1-9801-411b-a079-b5b7b1d55a96,2021-07-08T19:43:43.442Z,2021-07-12T01:18:41.000Z,10,"No, 11.28m Plot - Core Tree collection",,,,,,,,,,,,,,,,,,,,,,,,10,4,Bl: subalpine fir,,Standing (Live),17.1,,,,8: Younger immature,4 (75-100% healthy),,,,,,,,,,,,,,,,,,,,,,,,,,,,,,,,,,,,,,,,,,,,,,,,,,,,,,,,,,
f40041a0-8de6-4b71-9405-87ce7e434970,2021-07-08T19:42:00.054Z,2021-07-12T01:18:39.000Z,10,"No, 11.28m Plot - Core Tree collection",,,,,,,,,,,,,,,,,,,,,,,,10,4,Bl: subalpine fir,,Standing (Live),8.2,,,,8: Younger immature,4 (75-100% healthy),,,,,,,,,,,,,,,,,,,,,,,,,,,,,,,,,,,,,,,,,,,,,,,,,,,,,,,,,,
ae22c899-3ba3-4166-8503-76495ace808b,2021-07-08T19:40:33.256Z,2021-07-12T01:18:37.000Z,10,"No, 11.28m Plot - Core Tree collection",,,,,,,,,,,,,,,,,,,,,,,,10,4,At: trembling aspen,,Standing (Live),17.1,,,,8: Younger immature,4 (75-100% healthy),,,1: Bottom 1/3 only,,,,,,,,,,,,,,,,,,,,,,,,,,,,,,,,,,,,,,,,,,,,,,,,,,,,,,,
958fed6e-c5d9-4907-8e3c-9b466d452d6a,2021-07-08T19:38:02.866Z,2021-07-12T01:18:35.000Z,10,"No, 11.28m Plot - Core Tree collection",,,,,,,,,,,,,,,,,,,,,,,,10,4,Ac: poplar,,Standing (Live),63.9,,,,5: Mature,2 (25-50% healthy),,,,1: Bottom 1/3 only,,,,,,,,,,,,,,,,,,,,,,,,,,,,,,,,,,,,,,,,,,,,,,,,,,,,,,
c064cb5e-b63c-41ce-994d-cd08df54d6f7,2021-07-08T19:37:14.676Z,2021-07-12T01:18:33.000Z,10,"No, 11.28m Plot - Core Tree collection",,,,,,,,,,,,,,,,,,,,,,,,10,4,Ac: poplar,,Standing (Live),71.2,,,,5: Mature,1 (0-25% healthy),,,,,,,1: Bottom 1/3 only,,,,,,,,,,,,,,,,,,,,,,,,,,,,,,,,,,,,,,,,,,,,,,,,,,,
290c3d70-c31e-432e-a7c5-60f66bc218ac,2021-07-08T19:23:16.797Z,2021-07-12T01:18:31.000Z,10,"No, 11.28m Plot - Core Tree collection",,,,,,,,,,,,,,,,,,,,,,,,10,4,At: trembling aspen,,Standing (Live),28.1,,,,1: Older Immature,4 (75-100% healthy),,,,,,,,,,,,,,,,,,,,,,,,,,,,,,,,,,,,,,,,,,,,,,,,,,,,,,,,,,
b44f1e0b-2f7c-4ed6-888c-9101dec54d6b,2021-07-08T19:21:53.683Z,2021-07-12T01:18:29.000Z,10,"No, 11.28m Plot - Core Tree collection",,,,,,,,,,,,,,,,,,,,,,,,10,4,Sx: spruce hybrid,,Standing (Live),11.7,,,,8: Younger immature,4 (75-100% healthy),,,,,,,,,,,,,,,,,,,,,,,,,,,,,,,,,,,,,,,,,,,,,,,,,,,,,,,,,,
7135216e-9822-4dcd-a9d0-ac0fcec7061b,2021-07-08T19:20:41.254Z,2021-07-12T01:18:27.000Z,10,"No, 11.28m Plot - Core Tree collection",,,,,,,,,,,,,,,,,,,,,,,,10,4,Sx: spruce hybrid,,Snag (Dead) (45-90%) ,46,,,,7: Mature - Dead potential,1 (0-25% healthy),,,,,,,,2: Middle 1/3 only,,,,,,,,,,,,,,,,,,,,,,,,,,,,,,,,,,,,,,,,,,,,,,,,,,
a8119c27-1023-46e4-982e-95157578f2b7,2021-07-08T19:18:20.958Z,2021-07-12T01:18:25.000Z,10,"No, 11.28m Plot - Core Tree collection",,,,,,,,,,,,,,,,,,,,,,,,10,4,At: trembling aspen,,Standing (Live),27.2,,,,1: Older Immature,4 (75-100% healthy),,,,,,,,,,,,,,,,,,,,,,,,,,,,,,,,,,,,,,,,,,,,,,,,,,,,,,,,,,
24b02731-5fc8-460d-8ede-8977f34f345b,2021-07-08T19:17:28.916Z,2021-07-12T01:18:23.000Z,10,"No, 11.28m Plot - Core Tree collection",,,,,,,,,,,,,,,,,,,,,,,,10,4,At: trembling aspen,,Snag (Dead) (45-90%) ,14.7,,,,9: Younger immature - Dead potential,1 (0-25% healthy),,,,,,,,3: Top 1/3 only,,,,,,,,,,,,,,,,,,,,,,,,,,,,,,,,,,,,,,,,,,,,,,,,,,
a6d37ee2-2257-4499-8aaa-3a989b0c3a22,2021-07-08T19:15:16.422Z,2021-07-12T01:18:21.000Z,10,"No, 11.28m Plot - Core Tree collection",,,,,,,,,,,,,,,,,,,,,,,,10,4,D: alder,,Standing (Live),7.8,,,,1: Older Immature,4 (75-100% healthy),,,,,,,,,,,,,,,,,,,,,,,,,,,,,,,,,,,,,,,,,,,,,,,,,,,,,,,,,,
1639ac83-acc1-45a5-ba44-c6eae0a298bc,2021-07-08T19:14:22.630Z,2021-07-12T01:18:19.000Z,10,"No, 11.28m Plot - Core Tree collection",,,,,,,,,,,,,,,,,,,,,,,,10,4,Sx: spruce hybrid,,Standing (Live),22.2,,,,8: Younger immature,4 (75-100% healthy),,,,,,,,,,,,,,,,,,,,,,,,,,,,,,,,,,,,,,,,,,,,,,,,,,,,,,,,,,
7108d8da-1607-4faf-bedf-54b7391ce624,2021-07-07T20:12:15.589Z,2021-07-12T01:18:17.000Z,10,"No, 11.28m Plot - Core Tree collection",,,,,,,,,,,,,,,,,,,,,,,,10,6,Bl: subalpine fir,,Standing (Live),31.6,Yes,H10P6SIT3,25.3,1: Older Immature,4 (75-100% healthy),,,,,,,,,,,,,,,,,,,,,,,,,,,,,,,,,,,,,,,,,,,,,,,,,,,,,,,,,,
c487aa7a-e834-43da-b65a-ed91a8f942de,2021-07-07T20:10:24.925Z,2021-07-12T01:18:15.000Z,10,"No, 11.28m Plot - Core Tree collection",,,,,,,,,,,,,,,,,,,,,,,,10,6,Sx: spruce hybrid,,Standing (Live),33.4,Yes,H10P6SIT2,29.7,1: Older Immature,4 (75-100% healthy),,,,,,,,,,,,,,,,,,,,,,,,,,,,,,,,,,,,,,,,,,,,,,,,,,,,,,,,,,
677b65bb-bdcd-49f4-a73c-9af9d87c53c1,2021-07-07T20:08:07.406Z,2021-07-12T01:18:13.000Z,10,"No, 11.28m Plot - Core Tree collection",,,,,,,,,,,,,,,,,,,,,,,,10,6,Sx: spruce hybrid,,Standing (Live),36.9,Yes,H10P6SIT1,34.3,5: Mature,4 (75-100% healthy),,,,,,,,,,,,,,,,,,,,,,,,,,,,,,,,,,,,,,,,,,,,,,,,,,,,,,,,,,
44f9a9cf-c43d-46a9-b08a-f90ec97eddba,2021-07-07T20:05:31.685Z,2021-07-12T01:18:11.000Z,10,"No, 11.28m Plot - Core Tree collection",,,,,,,,,,,,,,,,,,,,,,,,10,6,Bl: subalpine fir,,Standing (Live),30.8,Yes,H10P6SIT4,24.2,5: Mature,4 (75-100% healthy),,,,,,,,,,,,,,,,,,,,,,,,,,,,,,,,,,,,,,,,,,,,,,,,,,,,,,,,,,
59215d63-4644-432e-8ae9-0eb404b94279,2021-07-07T20:04:28.473Z,2021-07-12T01:16:52.000Z,10,"No, 11.28m Plot - Core Tree collection",,,,,,,,,,,,,,,,,,,,,,,,10,6,Sx: spruce hybrid,,Down (Dead) (0-45%),26.1,,,,3: Older Immature. Dead Potential,1 (0-25% healthy),,,,,,,,,,,E: Less than or equal to one clean break,,,,,,,,,,,,,,,,,,,,,,,,,,,,,,,,,,,,,,,,,,,,,,,
99e43796-bf9e-4f3b-9186-1aa254af1247,2021-07-07T20:03:32.650Z,2021-07-12T01:16:50.000Z,10,"No, 11.28m Plot - Core Tree collection",,,,,,,,,,,,,,,,,,,,,,,,10,6,Sx: spruce hybrid,,Down (Dead) (0-45%),23.7,,,,3: Older Immature. Dead Potential,1 (0-25% healthy),,,,,,,,,,,E: Less than or equal to one clean break,,,,,,,,,,,,,,,,,,,,,,,,,,,,,,,,,,,,,,,,,,,,,,,
6ef1d06d-9846-40bd-8db3-4ce26fee15d5,2021-07-07T20:02:38.542Z,2021-07-12T01:18:09.000Z,10,"No, 11.28m Plot - Core Tree collection",,,,,,,,,,,,,,,,,,,,,,,,10,6,Bl: subalpine fir,,Standing (Live),8.8,,,,8: Younger immature,2 (25-50% healthy),,,,,,,,,,,,,,,,,,,,,,,,,,,,,,,,,,,,,,,,,,,,,,,,,,,,,,,,,,
8466c083-d4b5-4028-9c7d-07ce4aacc198,2021-07-07T20:00:44.439Z,2021-07-12T01:18:07.000Z,10,"No, 11.28m Plot - Core Tree collection",,,,,,,,,,,,,,,,,,,,,,,,10,6,Bl: subalpine fir,,Standing (Live),16,,,,8: Younger immature,3 (50-75% healthy),,,,,,,,,,,,,,,,,,,,,,,,,,,,,,,,,,,,,,,,,,,,,,,,,,,,,,,,,,
761cf6ac-dd77-4360-a34c-e6073e4066e5,2021-07-07T20:00:12.506Z,2021-07-12T01:18:05.000Z,10,"No, 11.28m Plot - Core Tree collection",,,,,,,,,,,,,,,,,,,,,,,,10,6,Bl: subalpine fir,,Standing (Live),15.6,,,,8: Younger immature,4 (75-100% healthy),,,,,,,,,,,,,,,,,,,,,,,,,,,,,,,,,,,,,,,,,,,,,,,,,,,,,,,,,,
be82a4c5-df31-4483-9dab-87a65707ae3f,2021-07-07T19:58:55.904Z,2021-07-12T01:18:01.000Z,10,"No, 11.28m Plot - Core Tree collection",,,,,,,,,,,,,,,,,,,,,,,,10,6,Fd: douglas-fir,,Standing (Live),13.1,,,,8: Younger immature,4 (75-100% healthy),,,,,,,,,,,,,,,,,,,,,,,,,,,,,,,,,,,,,,,,,,,,,,,,,,,,,,,,,,
36138c86-c354-45d3-af42-5e58b9e57ab9,2021-07-07T19:55:08.606Z,2021-07-12T01:18:03.000Z,10,"No, 11.28m Plot - Core Tree collection",,,,,,,,,,,,,,,,,,,,,,,,10,6,Fd: douglas-fir,,Standing (Live),10.7,,,,8: Younger immature,4 (75-100% healthy),,,,4: Bottom and middle,,,,,,,,,,,,,,,,,,,,,,,,,,,,,,,,,,,,,,,,,,,,,,,,,,,,,,
8c9fc6e7-18a3-414d-a66b-ac60b7b1c6af,2021-07-07T19:53:34.801Z,2021-07-12T01:18:00.000Z,10,"No, 11.28m Plot - Core Tree collection",,,,,,,,,,,,,,,,,,,,,,,,10,6,Bl: subalpine fir,,Standing (Live),31.2,,,,5: Mature,4 (75-100% healthy),,,3: Top 1/3 only,,,1: Bottom 1/3 only,,,5: Green Strip Attack (Alive) (Spruce and Fir),,,,,,,,,,,,,,,,,,,,,,,,,,,,,,,,,,,,,,,,,,,,,,,,,
2b611e99-684a-4678-9614-e3e302b6803a,2021-07-07T19:52:57.026Z,2021-07-12T01:16:48.000Z,10,"No, 11.28m Plot - Core Tree collection",,,,,,,,,,,,,,,,,,,,,,,,10,6,Sx: spruce hybrid,,Down (Dead) (0-45%),37.2,,,,7: Mature - Dead potential,1 (0-25% healthy),,,,,,,,,,,E: Less than or equal to one clean break,,,,,,,,,,,,,,,,,,,,,,,,,,,,,,,,,,,,,,,,,,,,,,,
6f54f424-26de-4752-ac2d-6bdaadea2732,2021-07-07T19:52:05.197Z,2021-07-12T01:17:58.000Z,10,"No, 11.28m Plot - Core Tree collection",,,,,,,,,,,,,,,,,,,,,,,,10,6,Bl: subalpine fir,,Standing (Live),21.3,,,,1: Older Immature,4 (75-100% healthy),,,,,,,,,5: Green Strip Attack (Alive) (Spruce and Fir),,,,,,,,,,,,,,,,,,,,,,,,,,,,,,,,,,,,,,,,,,,,,,,,,
c976732d-54e3-476e-9f9e-ac88ecb20e66,2021-07-07T19:51:15.534Z,2021-07-12T01:17:56.000Z,10,"No, 11.28m Plot - Core Tree collection",,,,,,,,,,,,,,,,,,,,,,,,10,6,Bl: subalpine fir,,Standing (Live),14.2,,,,8: Younger immature,3 (50-75% healthy),,,,1: Bottom 1/3 only,,,,,,,,,,,,,,,,,,,,,,,,,,,,,,,,,,,,,,,,,,,,,,,,,,,,,,
a001bbb4-411e-45b6-88ad-ac99e44643a2,2021-07-07T19:50:56.995Z,2021-07-12T01:16:46.000Z,10,"No, 11.28m Plot - Core Tree collection",,,,,,,,,,,,,,,,,,,,,,,,10,6,Sx: spruce hybrid,,Down (Dead) (0-45%),26.6,,,,4: Dead useless,1 (0-25% healthy),,,,,,,,,,,G: More than one clean break OR more shattered Break ,,,,,,,,,,,,,,,,,,,,,,,,,,,,,,,,,,,,,,,,,,,,,,,
ce45d552-2b61-48a3-ac55-77d19ab346a8,2021-07-07T19:50:18.202Z,2021-07-12T01:17:54.000Z,10,"No, 11.28m Plot - Core Tree collection",,,,,,,,,,,,,,,,,,,,,,,,10,6,Bl: subalpine fir,,Standing (Live),15.3,,,,8: Younger immature,1 (0-25% healthy),,,,,,,,,5: Green Strip Attack (Alive) (Spruce and Fir),,,,,,,,,,,,,,,,,,,,,,,,,,,,,,,,,,,,,,,,,,,,,,,,,
19c4e426-bfdf-4743-8475-4eaa5630737f,2021-07-07T19:49:05.811Z,2021-07-12T01:17:52.000Z,10,"No, 11.28m Plot - Core Tree collection",,,,,,,,,,,,,,,,,,,,,,,,10,6,Bl: subalpine fir,,Snag (Dead) (45-90%) ,8,,,,9: Younger immature - Dead potential,1 (0-25% healthy),,,,,,,,,,,,,,,,,,,,,,,,,,,,,,,,,,,,,,,,,,,,,,,,,,,,,,,,,,
6f24dcb6-77d4-4ad4-bcfa-001a0b9099f4,2021-07-07T19:49:04.595Z,2021-07-12T01:16:44.000Z,10,"No, 11.28m Plot - Core Tree collection",,,,,,,,,,,,,,,,,,,,,,,,10,6,Sx: spruce hybrid,,Down (Dead) (0-45%),44.3,,,,7: Mature - Dead potential,1 (0-25% healthy),,,,,,,,,,,E: Less than or equal to one clean break,,,,,,,,,,,,,,,,,,,,,,,,,,,,,,,,,,,,,,,,,,,,,,,
20791202-1206-40bc-be8d-9341d1256623,2021-07-07T19:48:23.322Z,2021-07-12T01:17:50.000Z,10,"No, 11.28m Plot - Core Tree collection",,,,,,,,,,,,,,,,,,,,,,,,10,6,Bl: subalpine fir,,Standing (Live),9.5,,,,8: Younger immature,2 (25-50% healthy),,,,,,,,,,,,Chlorosis,,,,,,,,,,,,,,,,,,,,,,,,,,,,,,,,,,,,,,,,,,,,,,
0a86a8a3-e400-48b8-9dcc-0ef7571102cd,2021-07-07T19:47:11.875Z,2021-07-12T01:17:48.000Z,10,"No, 11.28m Plot - Core Tree collection",,,,,,,,,,,,,,,,,,,,,,,,10,6,Bl: subalpine fir,,Standing (Live),27.1,,,,1: Older Immature,4 (75-100% healthy),,,,,,,,,,,,,,,,,,,,,,,,,,,,,,,,,,,,,,,,,,,,,,,,,,,,,,,,,,
9824dd4d-174b-42d6-9098-bff8a32f82a8,2021-07-07T19:46:29.745Z,2021-07-12T01:16:42.000Z,10,"No, 11.28m Plot - Core Tree collection",,,,,,,,,,,,,,,,,,,,,,,,10,6,Other,,Down (Dead) (0-45%),19.6,,,,4: Dead useless,1 (0-25% healthy),,,,,,,,,,,G: More than one clean break OR more shattered Break ,,,,,,,,,,,,,,,,,,,,,,,,,,,,,,,,,,,,,,,,,,,,,,,
2d0d9ad0-c144-44ee-9ba2-daa9f616a0c5,2021-07-07T19:46:15.345Z,2021-07-12T01:17:46.000Z,10,"No, 11.28m Plot - Core Tree collection",,,,,,,,,,,,,,,,,,,,,,,,10,6,Bl: subalpine fir,,Snag (Dead) (45-90%) ,23.1,,,,3: Older Immature. Dead Potential,1 (0-25% healthy),,,,,1: Bottom 1/3 only,,,,7: Grey Attack (Spruce and Fir),,,,,,,,,,,,,,,,,,,,,,,,,,,,,,,,,,,,,,,,,,,,,,,,,
a1df3ca4-9838-46a4-8e1c-121cd9fb45cc,2021-07-07T19:44:24.328Z,2021-07-12T01:17:44.000Z,10,"No, 11.28m Plot - Core Tree collection",,,,,,,,,,,,,,,,,,,,,,,,10,6,Sx: spruce hybrid,,Standing (Live),41.2,,,,5: Mature,4 (75-100% healthy),,,,4: Bottom and middle,,,,,,,,,,,,,,,,,,,,,,,,,,,,,,,,,,,,,,,,,,,,,,,,,,,,,,
76b4e35c-a884-4cb4-8f36-0393d04a265b,2021-07-07T19:43:13.093Z,2021-07-12T01:17:42.000Z,10,"No, 11.28m Plot - Core Tree collection",,,,,,,,,,,,,,,,,,,,,,,,10,6,Bl: subalpine fir,,Standing (Live),10.7,,,,8: Younger immature,4 (75-100% healthy),,,,,,,,,,,,,,,,,,,,,,,,,,,,,,,,,,,,,,,,,,,,,,,,,,,,,,,,,,
b92ca1bb-6faf-4cdc-8975-680edb5aa5c6,2021-07-07T19:42:18.499Z,2021-07-12T01:17:40.000Z,10,"No, 11.28m Plot - Core Tree collection",,,,,,,,,,,,,,,,,,,,,,,,10,6,Bl: subalpine fir,,Standing (Live),32.9,,,,5: Mature,4 (75-100% healthy),,,,1: Bottom 1/3 only,,,,,,,,,,,,,,,,,,,,,,,,,,,,,,,,,,,,,,,,,,,,,,,,,,,,,,
0247c707-eb0d-4415-a977-1608e387c87c,2021-07-07T19:41:48.543Z,2021-07-12T01:16:40.000Z,10,"No, 11.28m Plot - Core Tree collection",,,,,,,,,,,,,,,,,,,,,,,,10,6,Bl: subalpine fir,,Down (Dead) (0-45%),20.3,,,,3: Older Immature. Dead Potential,1 (0-25% healthy),,,,,,,,,,,G: More than one clean break OR more shattered Break ,,,,,,,,,,,,,,,,,,,,,,,,,,,,,,,,,,,,,,,,,,,,,,,
12776c79-070c-429e-a1c2-a6bd3d67fef6,2021-07-07T19:40:34.928Z,2021-07-12T01:16:38.000Z,10,"No, 11.28m Plot - Core Tree collection",,,,,,,,,,,,,,,,,,,,,,,,10,6,Other,,Down (Dead) (0-45%),28.4,,,,4: Dead useless,1 (0-25% healthy),,,,,,,,,,,G: More than one clean break OR more shattered Break ,,,,,,,,,,,,,,,,,,,,,,,,,,,,,,,,,,,,,,,,,,,,,,,
8bf274ea-5e84-4d32-8795-8d96c9925f1e,2021-07-07T19:40:26.874Z,2021-07-12T01:17:38.000Z,10,"No, 11.28m Plot - Core Tree collection",,,,,,,,,,,,,,,,,,,,,,,,10,6,Bl: subalpine fir,,Standing (Live),26.9,,,,2: Older immature - Suspect,4 (75-100% healthy),,,,,,,,,5: Green Strip Attack (Alive) (Spruce and Fir),,,,,,,,,,,,,,,,,,,,,,,,,,,,,,,,,,,,,,,,,,,,,,,,,
07297ba4-0a0d-4b86-99a5-635980957659,2021-07-07T19:38:49.849Z,2021-07-12T01:17:36.000Z,10,"No, 11.28m Plot - Core Tree collection",,,,,,,,,,,,,,,,,,,,,,,,10,6,Bl: subalpine fir,,Standing (Live),15.8,,,,8: Younger immature,3 (50-75% healthy),,,,,,,,,,,,"Insect damage, green attack",,,,,,,,,,,,,,,,,,,,,,,,,,,,,,,,,,,,,,,,,,,,,,
ddab65de-cd2b-470e-be50-fe75952e55ee,2021-07-07T19:37:52.036Z,2021-07-12T01:17:34.000Z,10,"No, 11.28m Plot - Core Tree collection",,,,,,,,,,,,,,,,,,,,,,,,10,6,Bl: subalpine fir,,Standing (Live),21,,,,1: Older Immature,3 (50-75% healthy),,,,,,,,,,,,,,,,,,,,,,,,,,,,,,,,,,,,,,,,,,,,,,,,,,,,,,,,,,
3528b48d-651c-4290-85f7-ef736d9d9d6f,2021-07-07T19:37:09.573Z,2021-07-12T01:16:36.000Z,10,"No, 11.28m Plot - Core Tree collection",,,,,,,,,,,,,,,,,,,,,,,,10,6,Bl: subalpine fir,,Down (Dead) (0-45%),35.8,,,,7: Mature - Dead potential,1 (0-25% healthy),,,,,,,,,,,E: Less than or equal to one clean break,,,,,,,,,,,,,,,,,,,,,,,,,,,,,,,,,,,,,,,,,,,,,,,
8cd2e0d6-b0db-4ab9-bd30-4c40988ccc4b,2021-07-07T19:36:49.463Z,2021-07-12T01:17:32.000Z,10,"No, 11.28m Plot - Core Tree collection",,,,,,,,,,,,,,,,,,,,,,,,10,6,Sx: spruce hybrid,,Standing (Live),7.7,,,,8: Younger immature,4 (75-100% healthy),,,3: Top 1/3 only,,,,,,,,,,,,,,,,,,,,,,,,,,,,,,,,,,,,,,,,,,,,,,,,,,,,,,,
c26edf52-2edc-419f-8cf9-738a29259cb1,2021-07-07T19:35:45.509Z,2021-07-12T01:17:30.000Z,10,"No, 11.28m Plot - Core Tree collection",,,,,,,,,,,,,,,,,,,,,,,,10,6,Sx: spruce hybrid,,Standing (Live),23.2,,,,1: Older Immature,4 (75-100% healthy),,,,,,,,,,,,,,,,,,,,,,,,,,,,,,,,,,,,,,,,,,,,,,,,,,,,,,,,,,
3632cb31-474b-46d5-b68c-9f959ef458ff,2021-07-07T19:34:49.911Z,2021-07-12T01:16:34.000Z,10,"No, 11.28m Plot - Core Tree collection",,,,,,,,,,,,,,,,,,,,,,,,10,6,Other,,Down (Dead) (0-45%),42,,,,4: Dead useless,1 (0-25% healthy),,,,,,,,,,,G: More than one clean break OR more shattered Break ,,,,,,,,,,,,,,,,,,,,,,,,,,,,,,,,,,,,,,,,,,,,,,,
8941a039-5630-49c8-8d50-1d22372e4013,2021-07-07T19:34:02.451Z,2021-07-12T01:16:33.000Z,10,"No, 11.28m Plot - Core Tree collection",,,,,,,,,,,,,,,,,,,,,,,,10,6,Other,,Down (Dead) (0-45%),28,,,,4: Dead useless,1 (0-25% healthy),,,,,,,,,,,G: More than one clean break OR more shattered Break ,,,,,,,,,,,,,,,,,,,,,,,,,,,,,,,,,,,,,,,,,,,,,,,
be9a7b8f-9c0a-4589-9ac6-382882fda242,2021-07-07T19:33:23.013Z,2021-07-12T01:17:28.000Z,10,"No, 11.28m Plot - Core Tree collection",,,,,,,,,,,,,,,,,,,,,,,,10,6,Sx: spruce hybrid,,Standing (Live),20.2,,,,2: Older immature - Suspect,4 (75-100% healthy),,,,,,,,,,,,,,,,,,,,,,,,,,,,,,,,,,,,,,,,,,,,,,,,,,,,,,,,,,
5b854615-f9bf-4ea0-a0bb-f54a7e6d34e2,2021-07-07T19:32:58.926Z,2021-07-12T01:16:31.000Z,10,"No, 11.28m Plot - Core Tree collection",,,,,,,,,,,,,,,,,,,,,,,,10,6,Other,,Down (Dead) (0-45%),37,,,,4: Dead useless,1 (0-25% healthy),,,,,,,,,,,G: More than one clean break OR more shattered Break ,,,,,,,,,,,,,,,,,,,,,,,,,,,,,,,,,,,,,,,,,,,,,,,
92d1f180-be8e-4d3e-a15c-28843a148452,2021-07-07T19:31:45.329Z,2021-07-12T01:16:29.000Z,10,"No, 11.28m Plot - Core Tree collection",,,,,,,,,,,,,,,,,,,,,,,,10,6,Sx: spruce hybrid,,Down (Dead) (0-45%),37,,,,4: Dead useless,1 (0-25% healthy),,,,,,,,,,,G: More than one clean break OR more shattered Break ,,,,,,,,,,,,,,,,,,,,,,,,,,,,,,,,,,,,,,,,,,,,,,,
205ab3a8-fd66-4cbf-a0bf-9be9bfaaf073,2021-07-07T19:29:38.042Z,2021-07-12T01:17:26.000Z,10,"No, 11.28m Plot - Core Tree collection",,,,,,,,,,,,,,,,,,,,,,,,10,6,Sx: spruce hybrid,,Standing (Live),25.9,,,,2: Older immature - Suspect,4 (75-100% healthy),,,1: Bottom 1/3 only,,,,,,,,,Pitching at base of bole,,,,,,,,,,,,,,,,,,,,,,,,,,,,,,,,,,,,,,,,,,,,,,
6ae6d78f-b612-4bd9-a83f-034d5ffbf0ab,2021-07-07T19:24:47.019Z,2021-07-12T01:17:24.000Z,10,"No, 11.28m Plot - Core Tree collection",,,,,,,,,,,,,,,,,,,,,,,,10,6,Bl: subalpine fir,,Standing (Live),9.9,,,,8: Younger immature,1 (0-25% healthy),,,,,,,,,,,,,,,,,,,,,,,,,,,,,,,,,,,,,,,,,,,,,,,,,,,,,,,,,,
d8c5c28f-7788-4416-8a8c-187f3d536c11,2021-07-07T19:22:02.521Z,2021-07-12T01:17:22.000Z,10,"No, 11.28m Plot - Core Tree collection",,,,,,,,,,,,,,,,,,,,,,,,10,6,Sx: spruce hybrid,,Standing (Live),48.2,,,,5: Mature,4 (75-100% healthy),,,,1: Bottom 1/3 only,,,,,,,,,,,,,,,,,,,,,,,,,,,,,,,,,,,,,,,,,,,,,,,,,,,,,,
c575de93-fbc6-4c09-8aed-5f9edfe10cfd,2021-07-07T19:19:31.846Z,2021-07-12T01:17:20.000Z,10,"No, 11.28m Plot - Core Tree collection",,,,,,,,,,,,,,,,,,,,,,,,10,6,Bl: subalpine fir,,Standing (Live),8.5,,,,8: Younger immature,3 (50-75% healthy),,,3: Top 1/3 only,,,,,,,,,,,,,,,,,,,,,,,,,,,,,,,,,,,,,,,,,,,,,,,,,,,,,,,
ba830e26-34a2-4cd3-a5a4-693070102378,2021-07-07T19:16:43.468Z,2021-07-12T01:17:18.000Z,10,"No, 11.28m Plot - Core Tree collection",,,,,,,,,,,,,,,,,,,,,,,,10,6,Sx: spruce hybrid,,Standing (Live),13.2,,,,8: Younger immature,4 (75-100% healthy),,,,,,,,,,,,,,,,,,,,,,,,,,,,,,,,,,,,,,,,,,,,,,,,,,,,,,,,,,
9af15c2f-b7bf-45e3-b965-ae08e6a4179b,2021-07-07T19:13:05.368Z,2021-07-12T01:17:16.000Z,10,"No, 11.28m Plot - Core Tree collection",,,,,,,,,,,,,,,,,,,,,,,,10,6,Bl: subalpine fir,,Snag (Dead) (45-90%) ,21.7,,,,3: Older Immature. Dead Potential,1 (0-25% healthy),,,,,1: Bottom 1/3 only,,,,"3: Grey Attach (Balsam, White, Yellow or Lodgepole Pine)",,,,,,,,,,,,,,,,,,,,,,,,,,,,,,,,,,,,,,,,,,,,,,,,,
92d27899-1056-4d5a-afb5-c8b5515fa277,2021-07-07T19:10:56.773Z,2021-07-12T01:17:15.000Z,10,"No, 11.28m Plot - Core Tree collection",,,,,,,,,,,,,,,,,,,,,,,,10,6,Sx: spruce hybrid,,Standing (Live),10.6,,,,8: Younger immature,4 (75-100% healthy),,,2: Middle 1/3 only,,,,,,,,,,,,,,,,,,,,,,,,,,,,,,,,,,,,,,,,,,,,,,,,,,,,,,,
e6fcf60f-57f9-4409-b845-4870cfffe954,2021-07-07T19:09:11.234Z,2021-07-12T01:17:13.000Z,10,"No, 11.28m Plot - Core Tree collection",,,,,,,,,,,,,,,,,,,,,,,,10,6,Bl: subalpine fir,,Standing (Live),22.6,,,,1: Older Immature,4 (75-100% healthy),,,,,,,,,,,,,,,,,,,,,,,,,,,,,,,,,,,,,,,,,,,,,,,,,,,,,,,,,,
25b7aa8a-b590-42f3-be22-49f522e5f423,2021-07-07T19:06:59.185Z,2021-07-12T01:17:11.000Z,10,"No, 11.28m Plot - Core Tree collection",,,,,,,,,,,,,,,,,,,,,,,,10,6,Bl: subalpine fir,,Standing (Live),8.5,,,,8: Younger immature,4 (75-100% healthy),,,2: Middle 1/3 only,1: Bottom 1/3 only,,,,,,,,,,,,,,,,,,,,,,,,,,,,,,,,,,,,,,,,,,,,,,,,,,,,,,
202da402-a1db-4d03-9a0f-4a7dce828b99,2021-07-07T19:04:25.695Z,2021-07-12T01:17:09.000Z,10,"No, 11.28m Plot - Core Tree collection",,,,,,,,,,,,,,,,,,,,,,,,10,6,Bl: subalpine fir,,Standing (Live),7.6,,,,8: Younger immature,2 (25-50% healthy),,,3: Top 1/3 only,1: Bottom 1/3 only,,,,,,,,,,,,,,,,,,,,,,,,,,,,,,,,,,,,,,,,,,,,,,,,,,,,,,
61529aa9-df47-47b5-9f93-57ff03328eff,2021-07-07T19:02:33.713Z,2021-07-12T01:17:07.000Z,10,"No, 11.28m Plot - Core Tree collection",,,,,,,,,,,,,,,,,,,,,,,,10,6,Bl: subalpine fir,,Standing (Live),24.3,,,,1: Older Immature,3 (50-75% healthy),,,,,,,,,,,,,,,,,,,,,,,,,,,,,,,,,,,,,,,,,,,,,,,,,,,,,,,,,,
ad54d398-a5b2-45af-baca-932668883f0c,2021-07-07T19:00:45.640Z,2021-07-12T01:17:05.000Z,10,"No, 11.28m Plot - Core Tree collection",,,,,,,,,,,,,,,,,,,,,,,,10,6,Bl: subalpine fir,,Standing (Live),31.9,,,,5: Mature,4 (75-100% healthy),,,,1: Bottom 1/3 only,,,,,,,,,,,,,,,,,,,,,,,,,,,,,,,,,,,,,,,,,,,,,,,,,,,,,,
2db98eff-4887-40aa-9924-8c55fe2877cb,2021-07-07T18:57:56.999Z,2021-07-12T01:17:03.000Z,10,"No, 11.28m Plot - Core Tree collection",,,,,,,,,,,,,,,,,,,,,,,,10,6,Bl: subalpine fir,,Standing (Live),27.5,,,,1: Older Immature,4 (75-100% healthy),,,,,,,,,,,,,,,,,,,,,,,,,,,,,,,,,,,,,,,,,,,,,,,,,,,,,,,,,,
32fc4725-6f87-4b02-96cf-e49d82883a61,2021-07-07T18:55:29.403Z,2021-07-12T01:17:01.000Z,10,"No, 11.28m Plot - Core Tree collection",,,,,,,,,,,,,,,,,,,,,,,,10,6,Bl: subalpine fir,,Standing (Live),30.7,,,,5: Mature,4 (75-100% healthy),,,,,,,,,"1: Green Attach (Balsam, White, Yellow or Lodgepole Pine)",,,Pitching and broom rust,,,,,,,,,,,,,,,,,,,,,,,,,,,,,,,,,,,,,,,,,,,,,,
a8b34436-99d7-40bf-b902-c3f2c077babc,2021-07-07T18:52:37.408Z,2021-07-12T01:16:59.000Z,10,"No, 11.28m Plot - Core Tree collection",,,,,,,,,,,,,,,,,,,,,,,,10,6,Bl: subalpine fir,,Snag (Dead) (45-90%) ,15.7,,,,9: Younger immature - Dead potential,1 (0-25% healthy),,,,,,,,,"3: Grey Attach (Balsam, White, Yellow or Lodgepole Pine)",,,,,,,,,,,,,,,,,,,,,,,,,,,,,,,,,,,,,,,,,,,,,,,,,
339bf7ae-808b-43ea-ab5c-166fe000e452,2021-07-07T18:49:57.797Z,2021-07-12T01:16:57.000Z,10,"No, 11.28m Plot - Core Tree collection",,,,,,,,,,,,,,,,,,,,,,,,10,6,Bl: subalpine fir,,Standing (Live),8.6,,,,8: Younger immature,4 (75-100% healthy),,,,,,,,,,,,,,,,,,,,,,,,,,,,,,,,,,,,,,,,,,,,,,,,,,,,,,,,,,
3ccd5272-1acc-4e78-90d1-ba94f8da50db,2021-07-06T20:49:51.765Z,2021-07-12T01:16:55.000Z,9,"No, 11.28m Plot - Core Tree collection",,,,,,,,,,,,,,,,,,,,,,,,9,5,Other,Unknown,Down (Dead) (0-45%),38.6,,,,4: Dead useless,1 (0-25% healthy),,,,,,,,,,,G: More than one clean break OR more shattered Break ,,,,,,,,,,,,,,,,,,,,,,,,,,,,,,,,,,,,,,,,,,,,,,,
3c2a33f9-5509-468d-aa4c-a9ed410170f3,2021-07-06T20:47:27.263Z,2021-07-12T01:16:53.000Z,9,"No, 11.28m Plot - Core Tree collection",,,,,,,,,,,,,,,,,,,,,,,,9,5,Sx: spruce hybrid,,Down (Dead) (0-45%),32.8,,,,7: Mature - Dead potential,1 (0-25% healthy),1: Bottom 1/3 only,,,,,,,,,,E: Less than or equal to one clean break,,,,,,,,,,,,,,,,,,,,,,,,,,,,,,,,,,,,,,,,,,,,,,,
fb7bbccc-3526-4d55-b261-435dbe90a156,2021-07-06T20:45:13.872Z,2021-07-12T01:16:51.000Z,9,"No, 11.28m Plot - Core Tree collection",,,,,,,,,,,,,,,,,,,,,,,,9,5,Bl: subalpine fir,,Down (Dead) (0-45%),34.4,,,,9: Younger immature - Dead potential,1 (0-25% healthy),,,,,,,,,,,E: Less than or equal to one clean break,,,,,,,,,,,,,,,,,,,,,,,,,,,,,,,,,,,,,,,,,,,,,,,
bb30d128-7d2f-4929-975d-ffbf9e5f64dd,2021-07-06T20:43:22.460Z,2021-07-12T01:16:49.000Z,9,"No, 11.28m Plot - Core Tree collection",,,,,,,,,,,,,,,,,,,,,,,,9,5,Sx: spruce hybrid,,Down (Dead) (0-45%),49.4,,,,4: Dead useless,1 (0-25% healthy),,,,,,,,,,,E: Less than or equal to one clean break,,,,,,,,,,,,,,,,,,,,,,,,,,,,,,,,,,,,,,,,,,,,,,,
7f37fadb-08c6-4e99-8851-62c4f9c94788,2021-07-06T20:42:30.569Z,2021-07-12T01:16:47.000Z,9,"No, 11.28m Plot - Core Tree collection",,,,,,,,,,,,,,,,,,,,,,,,9,5,Sx: spruce hybrid,,Down (Dead) (0-45%),28.5,,,,4: Dead useless,1 (0-25% healthy),,,,,,,,,,,E: Less than or equal to one clean break,,,,,,,,,,,,,,,,,,,,,,,,,,,,,,,,,,,,,,,,,,,,,,,
8d9c9f19-13c3-43e3-8cb8-c8e5dd13e248,2021-07-06T20:40:42.119Z,2021-07-12T01:16:45.000Z,9,"No, 11.28m Plot - Core Tree collection",,,,,,,,,,,,,,,,,,,,,,,,9,5,Bl: subalpine fir,,Down (Dead) (0-45%),20.2,,,,4: Dead useless,1 (0-25% healthy),,,,,,,,,,,G: More than one clean break OR more shattered Break ,,,,,,,,,,,,,,,,,,,,,,,,,,,,,,,,,,,,,,,,,,,,,,,
a742fd33-2603-4216-909c-32de6adef44a,2021-07-06T20:39:54.665Z,2021-07-12T01:16:44.000Z,9,"No, 11.28m Plot - Core Tree collection",,,,,,,,,,,,,,,,,,,,,,,,9,5,Sx: spruce hybrid,,Down (Dead) (0-45%),49.1,,,,4: Dead useless,1 (0-25% healthy),,,,,,,,,,,G: More than one clean break OR more shattered Break ,,,,,,,,,,,,,,,,,,,,,,,,,,,,,,,,,,,,,,,,,,,,,,,
2963ac05-dd89-4242-8a86-d6bf337c21b1,2021-07-06T20:39:02.304Z,2021-07-12T01:16:42.000Z,9,"No, 11.28m Plot - Core Tree collection",,,,,,,,,,,,,,,,,,,,,,,,9,5,Other,Unknown,Down (Dead) (0-45%),14.8,,,,4: Dead useless,1 (0-25% healthy),,,,,,,,,,,G: More than one clean break OR more shattered Break ,,,,,,,,,,,,,,,,,,,,,,,,,,,,,,,,,,,,,,,,,,,,,,,
aedd3c04-9939-4f4a-8358-43babf7c4bbe,2021-07-06T20:26:11.659Z,2021-07-12T01:16:40.000Z,9,"No, 11.28m Plot - Core Tree collection",,,,,,,,,,,,,,,,,,,,,,,,9,5,Sx: spruce hybrid,,Standing (Live),43.1,Yes,H9P5SIT4,28.3,1: Older Immature,4 (75-100% healthy),,,,,,,,,,,,,,,,,,,,,,,,,,,,,,,,,,,,,,,,,,,,,,,,,,,,,,,,,,
16715845-9e11-4b47-bbab-c02fbca6a3a7,2021-07-06T20:25:29.965Z,2021-07-12T01:16:38.000Z,9,"No, 11.28m Plot - Core Tree collection",,,,,,,,,,,,,,,,,,,,,,,,9,5,Sx: spruce hybrid,,Standing (Live),30.3,Yes,H9P5SIT3,27.2,1: Older Immature,4 (75-100% healthy),,,,,,,,,,,,,,,,,,,,,,,,,,,,,,,,,,,,,,,,,,,,,,,,,,,,,,,,,,
ebf92290-65ca-4d59-a66e-ee39884d80bd,2021-07-06T20:23:37.822Z,2021-07-12T01:16:36.000Z,9,"No, 11.28m Plot - Core Tree collection",,,,,,,,,,,,,,,,,,,,,,,,9,5,Bl: subalpine fir,,Standing (Live),30.4,Yes,H9P5SIT2,26.1,1: Older Immature,4 (75-100% healthy),,,,,,,,,,,,,,,,,,,,,,,,,,,,,,,,,,,,,,,,,,,,,,,,,,,,,,,,,,
449f14c3-55e7-4673-8520-623fa82777f4,2021-07-06T20:21:11.086Z,2021-07-12T01:16:34.000Z,9,"No, 11.28m Plot - Core Tree collection",,,,,,,,,,,,,,,,,,,,,,,,9,5,Bl: subalpine fir,,Standing (Live),11.8,,,,8: Younger immature,4 (75-100% healthy),,,,,,,,,,,,,,,,,,,,,,,,,,,,,,,,,,,,,,,,,,,,,,,,,,,,,,,,,,
bf4daddb-440a-455b-b792-ec9150b18cfa,2021-07-06T20:20:25.878Z,2021-07-12T01:16:32.000Z,9,"No, 11.28m Plot - Core Tree collection",,,,,,,,,,,,,,,,,,,,,,,,9,5,Bl: subalpine fir,,Snag (Dead) (45-90%) ,22,,,,3: Older Immature. Dead Potential,1 (0-25% healthy),,,,,,,,3: Top 1/3 only,,,,,,,,,,,,,,,,,,,,,,,,,,,,,,,,,,,,,,,,,,,,,,,,,,
a26db3c5-f030-4ff8-a632-cebca6ed0f47,2021-07-06T20:19:31.389Z,2021-07-12T01:16:30.000Z,9,"No, 11.28m Plot - Core Tree collection",,,,,,,,,,,,,,,,,,,,,,,,9,5,Bl: subalpine fir,,Standing (Live),13.2,,,,8: Younger immature,3 (50-75% healthy),,,2: Middle 1/3 only,1: Bottom 1/3 only,,,,,,,,,,,,,,,,,,,,,,,,,,,,,,,,,,,,,,,,,,,,,,,,,,,,,,
8c835549-db9d-462f-975e-8a4ab849d0ae,2021-07-06T20:17:59.995Z,2021-07-12T01:16:28.000Z,9,"No, 11.28m Plot - Core Tree collection",,,,,,,,,,,,,,,,,,,,,,,,9,5,Bl: subalpine fir,,Standing (Live),15.2,,,,8: Younger immature,1 (0-25% healthy),,,,,,,,3: Top 1/3 only,,,,,,,,,,,,,,,,,,,,,,,,,,,,,,,,,,,,,,,,,,,,,,,,,,
b5680f66-1c5a-4b51-89bb-6ed7f1b9d14c,2021-07-06T20:16:54.316Z,2021-07-12T01:16:26.000Z,9,"No, 11.28m Plot - Core Tree collection",,,,,,,,,,,,,,,,,,,,,,,,9,5,Bl: subalpine fir,,Snag (Dead) (45-90%) ,34.1,,,,5: Mature,1 (0-25% healthy),,,,,,,,3: Top 1/3 only,,,,,,,,,,,,,,,,,,,,,,,,,,,,,,,,,,,,,,,,,,,,,,,,,,
319f0df8-cdfd-411e-ba49-394a5892ee92,2021-07-06T20:15:52.155Z,2021-07-12T01:16:24.000Z,9,"No, 11.28m Plot - Core Tree collection",,,,,,,,,,,,,,,,,,,,,,,,9,5,Bl: subalpine fir,,Snag (Dead) (45-90%) ,14.5,,,,9: Younger immature - Dead potential,1 (0-25% healthy),,,,,,,,,,,,,,,,,,,,,,,,,,,,,,,,,,,,,,,,,,,,,,,,,,,,,,,,,,
82380827-e9b8-4870-b247-840ec59ce4db,2021-07-06T20:14:30.994Z,2021-07-12T01:16:22.000Z,9,"No, 11.28m Plot - Core Tree collection",,,,,,,,,,,,,,,,,,,,,,,,9,5,Bl: subalpine fir,,Standing (Live),31,,,,5: Mature,4 (75-100% healthy),,,2: Middle 1/3 only,,,,,,,,,,,,,,,,,,,,,,,,,,,,,,,,,,,,,,,,,,,,,,,,,,,,,,,
40e9808b-577a-4ec4-96dc-947c910ccc6f,2021-07-06T20:12:39.503Z,2021-07-12T01:16:20.000Z,9,"No, 11.28m Plot - Core Tree collection",,,,,,,,,,,,,,,,,,,,,,,,9,5,Sx: spruce hybrid,,Standing (Live),10.4,,,,8: Younger immature,4 (75-100% healthy),,,,,,,,,,,,,,,,,,,,,,,,,,,,,,,,,,,,,,,,,,,,,,,,,,,,,,,,,,
6c788e7d-a2cc-4b0e-b746-f21473f37aad,2021-07-06T20:11:50.051Z,2021-07-12T01:16:18.000Z,9,"No, 11.28m Plot - Core Tree collection",,,,,,,,,,,,,,,,,,,,,,,,9,5,Bl: subalpine fir,,Standing (Live),24.5,,,,2: Older immature - Suspect,4 (75-100% healthy),,,,1: Bottom 1/3 only,,,,,,,,,,,,,,,,,,,,,,,,,,,,,,,,,,,,,,,,,,,,,,,,,,,,,,
a3008c28-1839-4c18-b071-4607f297a610,2021-07-06T20:11:02.328Z,2021-07-12T01:16:16.000Z,9,"No, 11.28m Plot - Core Tree collection",,,,,,,,,,,,,,,,,,,,,,,,9,5,Ac: poplar,,Standing (Live),28.2,,,,1: Older Immature,4 (75-100% healthy),,,,,,,,,,,,,,,,,,,,,,,,,,,,,,,,,,,,,,,,,,,,,,,,,,,,,,,,,,
0ceb03c1-902e-4604-91df-aecb18acd856,2021-07-06T20:09:41.002Z,2021-07-12T01:16:14.000Z,9,"No, 11.28m Plot - Core Tree collection",,,,,,,,,,,,,,,,,,,,,,,,9,5,Ac: poplar,,Standing (Live),58.1,,,,5: Mature,4 (75-100% healthy),,,,,,,,,,,,,,,,,,,,,,,,,,,,,,,,,,,,,,,,,,,,,,,,,,,,,,,,,,
0a01644d-7f35-4d65-bd6d-d4ae2a15639d,2021-07-06T20:08:23.168Z,2021-07-12T01:16:12.000Z,9,"No, 11.28m Plot - Core Tree collection",,,,,,,,,,,,,,,,,,,,,,,,9,5,Sx: spruce hybrid,,Standing (Live),17.8,,,,8: Younger immature,3 (50-75% healthy),,,,,,,,3: Top 1/3 only,,,,,,,,,,,,,,,,,,,,,,,,,,,,,,,,,,,,,,,,,,,,,,,,,,
d4e8ed86-02f7-43e7-ad03-d35f19d202ac,2021-07-06T20:07:16.555Z,2021-07-12T01:16:10.000Z,9,"No, 11.28m Plot - Core Tree collection",,,,,,,,,,,,,,,,,,,,,,,,9,5,Sx: spruce hybrid,,Standing (Live),18.5,,,,8: Younger immature,4 (75-100% healthy),,,,,,,,,,,,,,,,,,,,,,,,,,,,,,,,,,,,,,,,,,,,,,,,,,,,,,,,,,
53e085aa-124f-44a0-8d6f-e8f1eeaa43ed,2021-07-06T20:06:39.328Z,2021-07-12T01:16:08.000Z,9,"No, 11.28m Plot - Core Tree collection",,,,,,,,,,,,,,,,,,,,,,,,9,5,Bl: subalpine fir,,Snag (Dead) (45-90%) ,12.2,,,,8: Younger immature,1 (0-25% healthy),,,,,,,,2: Middle 1/3 only,,,,,,,,,,,,,,,,,,,,,,,,,,,,,,,,,,,,,,,,,,,,,,,,,,
ba435e6a-6b84-481d-ba69-88e29c4c1ce9,2021-07-06T20:05:52.925Z,2021-07-12T01:16:07.000Z,9,"No, 11.28m Plot - Core Tree collection",,,,,,,,,,,,,,,,,,,,,,,,9,5,Bl: subalpine fir,,Standing (Live),14.1,,,,8: Younger immature,4 (75-100% healthy),,,,,,,,,,,,,,,,,,,,,,,,,,,,,,,,,,,,,,,,,,,,,,,,,,,,,,,,,,
0cf72ae8-c32e-46b5-89cf-e1ca0c2d6860,2021-07-06T20:04:57.929Z,2021-07-12T01:16:05.000Z,9,"No, 11.28m Plot - Core Tree collection",,,,,,,,,,,,,,,,,,,,,,,,9,5,Sx: spruce hybrid,,Standing (Live),13.1,,,,8: Younger immature,4 (75-100% healthy),,,2: Middle 1/3 only,1: Bottom 1/3 only,,,,,,,,,,,,,,,,,,,,,,,,,,,,,,,,,,,,,,,,,,,,,,,,,,,,,,
b6ee776b-691a-4777-a258-152b0beeb31a,2021-07-06T20:03:15.942Z,2021-07-12T01:16:03.000Z,9,"No, 11.28m Plot - Core Tree collection",,,,,,,,,,,,,,,,,,,,,,,,9,5,Sx: spruce hybrid,,Standing (Live),11.9,,,,8: Younger immature,4 (75-100% healthy),,,,,,,,,,,,,,,,,,,,,,,,,,,,,,,,,,,,,,,,,,,,,,,,,,,,,,,,,,
e9ba8ae4-8c24-4998-a106-e33066398dfa,2021-07-06T20:02:36.444Z,2021-07-12T01:16:01.000Z,9,"No, 11.28m Plot - Core Tree collection",,,,,,,,,,,,,,,,,,,,,,,,9,5,Bl: subalpine fir,,Standing (Live),36.6,Yes,H9P5SIT1,26.4,5: Mature,4 (75-100% healthy),,,,,,,,,,,,,,,,,,,,,,,,,,,,,,,,,,,,,,,,,,,,,,,,,,,,,,,,,,
96ef8152-39bb-40eb-999b-4e8c1a4095ca,2021-07-06T20:01:09.426Z,2021-07-12T01:15:59.000Z,9,"No, 11.28m Plot - Core Tree collection",,,,,,,,,,,,,,,,,,,,,,,,9,5,At: trembling aspen,,Standing (Live),8.9,,,,8: Younger immature,4 (75-100% healthy),,,,,,,,,,,,,,,,,,,,,,,,,,,,,,,,,,,,,,,,,,,,,,,,,,,,,,,,,,
3a4b1606-82d1-439a-88f6-518360b44601,2021-07-06T20:00:27.679Z,2021-07-12T01:15:57.000Z,9,"No, 11.28m Plot - Core Tree collection",,,,,,,,,,,,,,,,,,,,,,,,9,5,Bl: subalpine fir,,Snag (Dead) (45-90%) ,15.4,,,,9: Younger immature - Dead potential,1 (0-25% healthy),,,,,,,,,"3: Grey Attach (Balsam, White, Yellow or Lodgepole Pine)",,,,,,,,,,,,,,,,,,,,,,,,,,,,,,,,,,,,,,,,,,,,,,,,,
30c1d457-eeb6-46cf-83d1-162c3e48a409,2021-07-06T19:57:56.729Z,2021-07-12T01:15:55.000Z,9,"No, 11.28m Plot - Core Tree collection",,,,,,,,,,,,,,,,,,,,,,,,9,5,Bl: subalpine fir,,Standing (Live),7.7,,,,8: Younger immature,4 (75-100% healthy),,,,,,,,,,,,,,,,,,,,,,,,,,,,,,,,,,,,,,,,,,,,,,,,,,,,,,,,,,
703129c2-0657-42be-940c-4a3da64bfea0,2021-07-06T19:57:11.900Z,2021-07-12T01:15:53.000Z,9,"No, 11.28m Plot - Core Tree collection",,,,,,,,,,,,,,,,,,,,,,,,9,5,Sx: spruce hybrid,,Standing (Live),12.3,,,,8: Younger immature,4 (75-100% healthy),,,,,,,,,,,,,,,,,,,,,,,,,,,,,,,,,,,,,,,,,,,,,,,,,,,,,,,,,,
f589f55a-bfac-4ff7-90ea-280c8a66f149,2021-07-06T19:56:15.062Z,2021-07-12T01:15:51.000Z,9,"No, 11.28m Plot - Core Tree collection",,,,,,,,,,,,,,,,,,,,,,,,9,5,At: trembling aspen,,Standing (Live),17.3,,,,1: Older Immature,4 (75-100% healthy),,,,,,,,,,,,,,,,,,,,,,,,,,,,,,,,,,,,,,,,,,,,,,,,,,,,,,,,,,
d3d034f8-8906-40dd-b90b-0a7943b55320,2021-07-06T19:54:56.820Z,2021-07-12T01:15:49.000Z,9,"No, 11.28m Plot - Core Tree collection",,,,,,,,,,,,,,,,,,,,,,,,9,5,Sx: spruce hybrid,,Standing (Live),17.5,,,,8: Younger immature,4 (75-100% healthy),,,2: Middle 1/3 only,1: Bottom 1/3 only,,,,,,,,Pistol butt,,,,,,,,,,,,,,,,,,,,,,,,,,,,,,,,,,,,,,,,,,,,,,
ea638d4c-a734-4fb9-b4e4-0d030098c651,2021-07-06T19:53:21.165Z,2021-07-12T01:15:47.000Z,9,"No, 11.28m Plot - Core Tree collection",,,,,,,,,,,,,,,,,,,,,,,,9,5,Sx: spruce hybrid,,Standing (Live),8.8,,,,8: Younger immature,2 (25-50% healthy),,,,4: Bottom and middle,,,,,,,,,,,,,,,,,,,,,,,,,,,,,,,,,,,,,,,,,,,,,,,,,,,,,,
87d7674a-6cde-4286-8a68-100c757be85f,2021-07-06T19:52:09.302Z,2021-07-12T01:15:45.000Z,9,"No, 11.28m Plot - Core Tree collection",,,,,,,,,,,,,,,,,,,,,,,,9,5,Sx: spruce hybrid,,Standing (Live),19.6,,,,8: Younger immature,4 (75-100% healthy),,,,,,,,,,,,,,,,,,,,,,,,,,,,,,,,,,,,,,,,,,,,,,,,,,,,,,,,,,
486cc3e4-a6a7-4e46-a46e-d0f2bed07b21,2021-07-06T19:49:45.018Z,2021-07-12T01:15:43.000Z,9,"No, 11.28m Plot - Core Tree collection",,,,,,,,,,,,,,,,,,,,,,,,9,5,Sx: spruce hybrid,,Standing (Live),13.8,,,,8: Younger immature,4 (75-100% healthy),,,,,,,,,,,,,,,,,,,,,,,,,,,,,,,,,,,,,,,,,,,,,,,,,,,,,,,,,,
051603dd-09c2-4afd-aad7-e9daea50c3b1,2021-07-06T19:49:08.350Z,2021-07-12T01:15:41.000Z,9,"No, 11.28m Plot - Core Tree collection",,,,,,,,,,,,,,,,,,,,,,,,9,5,Bl: subalpine fir,,Standing (Live),33.4,,,,2: Older immature - Suspect,3 (50-75% healthy),,,3: Top 1/3 only,1: Bottom 1/3 only,,,,,,,,,,,,,,,,,,,,,,,,,,,,,,,,,,,,,,,,,,,,,,,,,,,,,,
b7679ecb-6643-4868-8008-eef0298cf28d,2021-07-06T19:47:30.387Z,2021-07-12T01:15:39.000Z,9,"No, 11.28m Plot - Core Tree collection",,,,,,,,,,,,,,,,,,,,,,,,9,5,Bl: subalpine fir,,Standing (Live),21.4,,,,2: Older immature - Suspect,3 (50-75% healthy),,,3: Top 1/3 only,1: Bottom 1/3 only,,,,,,,,,,,,,,,,,,,,,,,,,,,,,,,,,,,,,,,,,,,,,,,,,,,,,,
2a5287f3-4ec6-4d14-b034-3accb1cdb7f1,2021-07-06T19:45:36.593Z,2021-07-12T01:15:38.000Z,9,"No, 11.28m Plot - Core Tree collection",,,,,,,,,,,,,,,,,,,,,,,,9,5,Bl: subalpine fir,,Standing (Live),47,,,,5: Mature,4 (75-100% healthy),,,,,1: Bottom 1/3 only,,,,,,,,,,,,,,,,,,,,,,,,,,,,,,,,,,,,,,,,,,,,,,,,,,,,,
82834e9d-98a3-42b9-86e7-af748a4b6f4d,2021-07-06T19:44:29.035Z,2021-07-12T01:15:36.000Z,9,"No, 11.28m Plot - Core Tree collection",,,,,,,,,,,,,,,,,,,,,,,,9,5,Bl: subalpine fir,,Standing (Live),22.2,,,,8: Younger immature,2 (25-50% healthy),,,,,,,,3: Top 1/3 only,,,,,,,,,,,,,,,,,,,,,,,,,,,,,,,,,,,,,,,,,,,,,,,,,,
2795b435-257a-4b6e-b120-ab3a65683488,2021-07-06T19:42:58.903Z,2021-07-12T01:15:34.000Z,9,"No, 11.28m Plot - Core Tree collection",,,,,,,,,,,,,,,,,,,,,,,,9,5,Bl: subalpine fir,,Standing (Live),32.2,,,,1: Older Immature,4 (75-100% healthy),,,,,,,,,,,,,,,,,,,,,,,,,,,,,,,,,,,,,,,,,,,,,,,,,,,,,,,,,,
42c4cd2e-3218-4fac-886f-484fc011a22b,2021-07-05T19:27:11.255Z,2021-07-12T01:16:27.000Z,9,"No, 11.28m Plot - Core Tree collection",,,,,,,,,,,,,,,,,,,,,,,,9,9,Sx: spruce hybrid,,Down (Dead) (0-45%),69.5,,,,4: Dead useless,1 (0-25% healthy),,7: Present in all 3rds ,,,,,,,,,E: Less than or equal to one clean break,,,,,,,,,,,,,,,,,,,,,,,,,,,,,,,,,,,,,,,,,,,,,,,
5421b870-6e28-4643-9685-9596f00dbf0d,2021-07-05T19:22:24.504Z,2021-07-12T01:16:25.000Z,9,"No, 11.28m Plot - Core Tree collection",,,,,,,,,,,,,,,,,,,,,,,,9,9,Other,Unknown,Down (Dead) (0-45%),52,,,,4: Dead useless,1 (0-25% healthy),,,,,,,,,,,G: More than one clean break OR more shattered Break ,,,,,,,,,,,,,,,,,,,,,,,,,,,,,,,,,,,,,,,,,,,,,,,
4388f3e0-741a-4082-8344-64ce84c2db38,2021-07-05T19:20:16.394Z,2021-07-12T01:16:23.000Z,9,"No, 11.28m Plot - Core Tree collection",,,,,,,,,,,,,,,,,,,,,,,,9,9,Other,Unk,Down (Dead) (0-45%),46,,,,7: Mature - Dead potential,1 (0-25% healthy),,,,,,,,,,,E: Less than or equal to one clean break,,,,,,,,,,,,,,,,,,,,,,,,,,,,,,,,,,,,,,,,,,,,,,,
5a98d98d-7fde-4de7-9672-69533aa51e8d,2021-07-05T19:18:51.484Z,2021-07-12T01:16:21.000Z,9,"No, 11.28m Plot - Core Tree collection",,,,,,,,,,,,,,,,,,,,,,,,9,9,Sx: spruce hybrid,,Down (Dead) (0-45%),24.3,,,,4: Dead useless,1 (0-25% healthy),,,,,,,,,,,E: Less than or equal to one clean break,,,,,,,,,,,,,,,,,,,,,,,,,,,,,,,,,,,,,,,,,,,,,,,
24f6d856-0dd8-412d-b41d-73c77c14a33a,2021-07-05T19:16:03.124Z,2021-07-12T01:16:19.000Z,9,"No, 11.28m Plot - Core Tree collection",,,,,,,,,,,,,,,,,,,,,,,,9,9,Bl: subalpine fir,,Down (Dead) (0-45%),32.6,,,,3: Older Immature. Dead Potential,1 (0-25% healthy),,,,,,,,,,,E: Less than or equal to one clean break,,,,,,,,,,,,,,,,,,,,,,,,,,,,,,,,,,,,,,,,,,,,,,,
5bd81ac2-f09b-4d7e-9785-6331aa6ce649,2021-07-05T18:59:14.993Z,2021-07-12T01:16:17.000Z,9,"No, 11.28m Plot - Core Tree collection",,,,,,,,,,,,,,,,,,,,,,,,9,9,Bl: subalpine fir,,Standing (Live),15.7,,,,8: Younger immature,4 (75-100% healthy),,,,,,,,,,,,,,,,,,,,,,,,,,,,,,,,,,,,,,,,,,,,,,,,,,,,,,,,,,
a9f820d0-8e2e-46bd-aeb6-1d9df8b8f5a2,2021-07-05T18:58:30.800Z,2021-07-12T01:16:15.000Z,9,"No, 11.28m Plot - Core Tree collection",,,,,,,,,,,,,,,,,,,,,,,,9,9,Bl: subalpine fir,,Standing (Live),10.1,,,,8: Younger immature,3 (50-75% healthy),,,,,,,,,,,,,,,,,,,,,,,,,,,,,,,,,,,,,,,,,,,,,,,,,,,,,,,,,,
021d84d9-4125-485d-9ca6-c144567f9cb3,2021-07-05T18:57:39.136Z,2021-07-12T01:16:13.000Z,9,"No, 11.28m Plot - Core Tree collection",,,,,,,,,,,,,,,,,,,,,,,,9,9,Sx: spruce hybrid,,Standing (Live),8.9,,,,8: Younger immature,2 (25-50% healthy),,,,,,,,,,,,,,,,,,,,,,,,,,,,,,,,,,,,,,,,,,,,,,,,,,,,,,,,,,
996fc40a-832e-4fbb-af40-1e29ce9683cc,2021-07-05T18:56:48.619Z,2021-07-12T01:16:11.000Z,9,"No, 11.28m Plot - Core Tree collection",,,,,,,,,,,,,,,,,,,,,,,,9,9,Bl: subalpine fir,,Standing (Live),30.2,,,,1: Older Immature,4 (75-100% healthy),,,,,,,,,,,,,,,,,,,,,,,,,,,,,,,,,,,,,,,,,,,,,,,,,,,,,,,,,,
1741b2f0-8299-4bc0-96a7-072e709e8724,2021-07-05T18:55:24.019Z,2021-07-12T01:16:09.000Z,9,"No, 11.28m Plot - Core Tree collection",,,,,,,,,,,,,,,,,,,,,,,,9,9,Bl: subalpine fir,,Standing (Live),14.6,,,,8: Younger immature,4 (75-100% healthy),,,,,,,,,,,,,,,,,,,,,,,,,,,,,,,,,,,,,,,,,,,,,,,,,,,,,,,,,,
14fe58e5-cce9-463d-9a8b-9cdb2eb51bca,2021-07-05T18:54:42.622Z,2021-07-12T01:16:07.000Z,9,"No, 11.28m Plot - Core Tree collection",,,,,,,,,,,,,,,,,,,,,,,,9,9,Bl: subalpine fir,,Standing (Live),18.6,,,,8: Younger immature,3 (50-75% healthy),,,,1: Bottom 1/3 only,,,,,,,,,,,,,,,,,,,,,,,,,,,,,,,,,,,,,,,,,,,,,,,,,,,,,,
62b453a4-8e2f-4210-8e0e-1227d16e302e,2021-07-05T18:53:26.377Z,2021-07-12T01:16:05.000Z,9,"No, 11.28m Plot - Core Tree collection",,,,,,,,,,,,,,,,,,,,,,,,9,9,Bl: subalpine fir,,Snag (Dead) (45-90%) ,7.9,,,,9: Younger immature - Dead potential,1 (0-25% healthy),,,,1: Bottom 1/3 only,,,,,,,,,,,,,,,,,,,,,,,,,,,,,,,,,,,,,,,,,,,,,,,,,,,,,,
ca030d08-557f-46e8-8d81-0120c5570655,2021-07-05T18:52:23.450Z,2021-07-12T01:16:03.000Z,9,"No, 11.28m Plot - Core Tree collection",,,,,,,,,,,,,,,,,,,,,,,,9,9,Sx: spruce hybrid,,Standing (Live),8.7,,,,8: Younger immature,4 (75-100% healthy),,,,,,,,,,,,,,,,,,,,,,,,,,,,,,,,,,,,,,,,,,,,,,,,,,,,,,,,,,
4b3ee578-d8e8-44c9-8d9d-e69bcc65befc,2021-07-05T18:51:40.293Z,2021-07-12T01:16:01.000Z,9,"No, 11.28m Plot - Core Tree collection",,,,,,,,,,,,,,,,,,,,,,,,9,9,Bl: subalpine fir,,Standing (Live),9.4,,,,8: Younger immature,3 (50-75% healthy),,,3: Top 1/3 only,,,,,,,,,,,,,,,,,,,,,,,,,,,,,,,,,,,,,,,,,,,,,,,,,,,,,,,
79269932-bf22-436f-aeaa-93b24dfb9322,2021-07-05T18:50:40.301Z,2021-07-12T01:15:59.000Z,9,"No, 11.28m Plot - Core Tree collection",,,,,,,,,,,,,,,,,,,,,,,,9,9,D: alder,,Standing (Live),11.7,,,,8: Younger immature,2 (25-50% healthy),,,,,,,,3: Top 1/3 only,,,,,,,,,,,,,,,,,,,,,,,,,,,,,,,,,,,,,,,,,,,,,,,,,,
80ee8928-9ab9-488a-91ad-86fa7c988d94,2021-07-05T18:49:05.883Z,2021-07-12T01:15:57.000Z,9,"No, 11.28m Plot - Core Tree collection",,,,,,,,,,,,,,,,,,,,,,,,9,9,D: alder,,Snag (Dead) (45-90%) ,8.7,,,,9: Younger immature - Dead potential,1 (0-25% healthy),,,,,,,,2: Middle 1/3 only,,,,,,,,,,,,,,,,,,,,,,,,,,,,,,,,,,,,,,,,,,,,,,,,,,
59853c34-4c60-4d06-9236-ea41c822ed9d,2021-07-05T18:48:07.792Z,2021-07-12T01:15:55.000Z,9,"No, 11.28m Plot - Core Tree collection",,,,,,,,,,,,,,,,,,,,,,,,9,9,Bl: subalpine fir,,Standing (Live),24.1,,,,1: Older Immature,4 (75-100% healthy),,,,,,,,,,,,,,,,,,,,,,,,,,,,,,,,,,,,,,,,,,,,,,,,,,,,,,,,,,
786f4a2d-67d7-482a-880d-99f34a5926ca,2021-07-05T18:47:12.856Z,2021-07-12T01:15:53.000Z,9,"No, 11.28m Plot - Core Tree collection",,,,,,,,,,,,,,,,,,,,,,,,9,9,Bl: subalpine fir,,Standing (Live),23.8,,,,1: Older Immature,4 (75-100% healthy),,,,,,,,,,,,,,,,,,,,,,,,,,,,,,,,,,,,,,,,,,,,,,,,,,,,,,,,,,
4db742f9-1655-4994-bd82-5b453b4f0dc5,2021-07-05T18:46:31.608Z,2021-07-12T01:15:51.000Z,9,"No, 11.28m Plot - Core Tree collection",,,,,,,,,,,,,,,,,,,,,,,,9,9,Bl: subalpine fir,,Standing (Live),16.9,,,,8: Younger immature,3 (50-75% healthy),,,,,,,,,,,,,,,,,,,,,,,,,,,,,,,,,,,,,,,,,,,,,,,,,,,,,,,,,,
3435ab82-9c7a-4f60-875f-7a382cf049c2,2021-07-05T18:45:40.793Z,2021-07-12T01:15:49.000Z,9,"No, 11.28m Plot - Core Tree collection",,,,,,,,,,,,,,,,,,,,,,,,9,9,D: alder,,Snag (Dead) (45-90%) ,13,,,,4: Dead useless,1 (0-25% healthy),,,,,,,,2: Middle 1/3 only,,,,,,,,,,,,,,,,,,,,,,,,,,,,,,,,,,,,,,,,,,,,,,,,,,
8c968b79-0af1-45b7-aa56-67d14b9daa64,2021-07-05T18:44:39.806Z,2021-07-12T01:15:47.000Z,9,"No, 11.28m Plot - Core Tree collection",,,,,,,,,,,,,,,,,,,,,,,,9,9,D: alder,,Snag (Dead) (45-90%) ,11.6,,,,7: Mature - Dead potential,1 (0-25% healthy),,,,,,,,2: Middle 1/3 only,,,,,,,,,,,,,,,,,,,,,,,,,,,,,,,,,,,,,,,,,,,,,,,,,,
da1c04b3-9a6e-453b-bc2b-daba35ad848c,2021-07-05T18:43:33.139Z,2021-07-12T01:15:46.000Z,9,"No, 11.28m Plot - Core Tree collection",,,,,,,,,,,,,,,,,,,,,,,,9,9,D: alder,,Standing (Live),13.6,,,,2: Older immature - Suspect,2 (25-50% healthy),1: Bottom 1/3 only,,,,,,,,,,,,,,,,,,,,,,,,,,,,,,,,,,,,,,,,,,,,,,,,,,,,,,,,,
7cc544ae-725a-4d3f-8959-51845eeb2a26,2021-07-05T18:42:11.338Z,2021-07-12T01:15:44.000Z,9,"No, 11.28m Plot - Core Tree collection",,,,,,,,,,,,,,,,,,,,,,,,9,9,Bl: subalpine fir,,Standing (Live),11.9,,,,8: Younger immature,2 (25-50% healthy),,,,,,,,,,,,,,,,,,,,,,,,,,,,,,,,,,,,,,,,,,,,,,,,,,,,,,,,,,
5d4fdf08-c2f1-4b0b-a346-7ded0c1717e4,2021-07-05T18:40:56.792Z,2021-07-12T01:15:42.000Z,9,"No, 11.28m Plot - Core Tree collection",,,,,,,,,,,,,,,,,,,,,,,,9,9,Sx: spruce hybrid,,Standing (Live),44.8,,,,1: Older Immature,3 (50-75% healthy),,,,1: Bottom 1/3 only,,,,,,,,,,,,,,,,,,,,,,,,,,,,,,,,,,,,,,,,,,,,,,,,,,,,,,
52e08ec7-74df-4a62-bd76-7e7d26bb1183,2021-07-05T18:38:57.318Z,2021-07-12T01:15:40.000Z,9,"No, 11.28m Plot - Core Tree collection",,,,,,,,,,,,,,,,,,,,,,,,9,9,Sx: spruce hybrid,,Snag (Dead) (45-90%) ,7.6,,,,9: Younger immature - Dead potential,1 (0-25% healthy),,,,,,,,,,,,,,,,,,,,,,,,,,,,,,,,,,,,,,,,,,,,,,,,,,,,,,,,,,
a454ebd9-2b4d-4c56-a116-48b6119f139a,2021-07-05T18:38:04.714Z,2021-07-12T01:15:38.000Z,9,"No, 11.28m Plot - Core Tree collection",,,,,,,,,,,,,,,,,,,,,,,,9,9,Sx: spruce hybrid,,Snag (Dead) (45-90%) ,13.4,,,,9: Younger immature - Dead potential,1 (0-25% healthy),,,,,,,,2: Middle 1/3 only,,,,,,,,,,,,,,,,,,,,,,,,,,,,,,,,,,,,,,,,,,,,,,,,,,
1b2c4541-074b-4f0f-966d-b83013aaa987,2021-07-05T18:36:16.761Z,2021-07-12T01:15:36.000Z,9,"No, 11.28m Plot - Core Tree collection",,,,,,,,,,,,,,,,,,,,,,,,9,9,Sx: spruce hybrid,,Standing (Live),11.6,,,,8: Younger immature,3 (50-75% healthy),,,,,,,,,,,,,,,,,,,,,,,,,,,,,,,,,,,,,,,,,,,,,,,,,,,,,,,,,,
ae488a92-c634-4e44-932c-ea82a97d9843,2021-07-05T18:35:16.910Z,2021-07-12T01:15:34.000Z,9,"No, 11.28m Plot - Core Tree collection",,,,,,,,,,,,,,,,,,,,,,,,9,9,Sx: spruce hybrid,,Standing (Live),13.6,,,,8: Younger immature,2 (25-50% healthy),,,,,,,,,,,,,,,,,,,,,,,,,,,,,,,,,,,,,,,,,,,,,,,,,,,,,,,,,,
8bccedc1-3c2c-439f-b187-fbfab1ed1d17,2021-07-05T18:34:02.873Z,2021-07-12T01:15:32.000Z,9,"No, 11.28m Plot - Core Tree collection",,,,,,,,,,,,,,,,,,,,,,,,9,9,Sx: spruce hybrid,,Standing (Live),11.5,,,,8: Younger immature,4 (75-100% healthy),,,,,,,,,,,,,,,,,,,,,,,,,,,,,,,,,,,,,,,,,,,,,,,,,,,,,,,,,,
fa3f6422-44cb-444a-88f1-827dde25f5b8,2021-07-05T18:32:56.016Z,2021-07-12T01:15:30.000Z,9,"No, 11.28m Plot - Core Tree collection",,,,,,,,,,,,,,,,,,,,,,,,9,9,Bl: subalpine fir,,Standing (Live),10.3,,,,8: Younger immature,4 (75-100% healthy),,,,,,,,,,,,,,,,,,,,,,,,,,,,,,,,,,,,,,,,,,,,,,,,,,,,,,,,,,
518a9ca6-76ec-44b2-a80f-68984022e183,2021-07-05T18:32:01.302Z,2021-07-12T01:15:28.000Z,9,"No, 11.28m Plot - Core Tree collection",,,,,,,,,,,,,,,,,,,,,,,,9,9,Bl: subalpine fir,,Standing (Live),30.7,,,,1: Older Immature,4 (75-100% healthy),,,,,,,,,,,,,,,,,,,,,,,,,,,,,,,,,,,,,,,,,,,,,,,,,,,,,,,,,,
02767d52-2677-4a2d-a3ca-806fa1744ae6,2021-07-05T18:31:13.638Z,2021-07-12T01:15:26.000Z,9,"No, 11.28m Plot - Core Tree collection",,,,,,,,,,,,,,,,,,,,,,,,9,9,Bl: subalpine fir,,Standing (Live),11.8,,,,8: Younger immature,4 (75-100% healthy),,,,,,,,,,,,,,,,,,,,,,,,,,,,,,,,,,,,,,,,,,,,,,,,,,,,,,,,,,
26fd53fa-2ca9-4e0a-8a76-8815a16ef40c,2021-07-05T18:30:01.913Z,2021-07-12T01:15:24.000Z,9,"No, 11.28m Plot - Core Tree collection",,,,,,,,,,,,,,,,,,,,,,,,9,9,Sx: spruce hybrid,,Standing (Live),77.4,,,,5: Mature,4 (75-100% healthy),,,,,,,,,,,,,,,,,,,,,,,,,,,,,,,,,,,,,,,,,,,,,,,,,,,,,,,,,,
854e4538-448b-4321-87ff-f07c564916a5,2021-07-05T18:28:36.290Z,2021-07-12T01:15:22.000Z,9,"No, 11.28m Plot - Core Tree collection",,,,,,,,,,,,,,,,,,,,,,,,9,9,D: alder,,Standing (Live),10.8,,,,8: Younger immature,4 (75-100% healthy),,,,,,,,,,,,,,,,,,,,,,,,,,,,,,,,,,,,,,,,,,,,,,,,,,,,,,,,,,
6e4ce944-9175-495e-a4e5-c0cccd3f501e,2021-07-05T18:27:36.798Z,2021-07-12T01:15:20.000Z,9,"No, 11.28m Plot - Core Tree collection",,,,,,,,,,,,,,,,,,,,,,,,9,9,Sx: spruce hybrid,,Standing (Live),53.1,,,,2: Older immature - Suspect,4 (75-100% healthy),,,2: Middle 1/3 only,1: Bottom 1/3 only,,,,,,,,,,,,,,,,,,,,,,,,,,,,,,,,,,,,,,,,,,,,,,,,,,,,,,
7fa5779c-91d8-40f4-85c6-5e1b9d8cf732,2021-07-05T18:23:52.981Z,2021-07-12T01:15:18.000Z,9,"No, 11.28m Plot - Core Tree collection",,,,,,,,,,,,,,,,,,,,,,,,9,9,Bl: subalpine fir,,Standing (Live),25.5,,,,1: Older Immature,4 (75-100% healthy),,,,,,,,,,,,,,,,,,,,,,,,,,,,,,,,,,,,,,,,,,,,,,,,,,,,,,,,,,
1151cbd0-dc02-44b1-b7d7-8e9c6d07cdce,2021-07-05T18:22:13.532Z,2021-07-12T01:15:16.000Z,9,"No, 11.28m Plot - Core Tree collection",,,,,,,,,,,,,,,,,,,,,,,,9,9,Bl: subalpine fir,,Standing (Live),9.8,,,,8: Younger immature,4 (75-100% healthy),,,,1: Bottom 1/3 only,,,,,,,,,,,,,,,,,,,,,,,,,,,,,,,,,,,,,,,,,,,,,,,,,,,,,,
e89fe33e-1c51-4807-aee1-e3feedf449ff,2021-07-05T18:21:25.917Z,2021-07-12T01:15:14.000Z,9,"No, 11.28m Plot - Core Tree collection",,,,,,,,,,,,,,,,,,,,,,,,9,9,Bl: subalpine fir,,Standing (Live),13,,,,8: Younger immature,4 (75-100% healthy),,,,,,,,,,,,,,,,,,,,,,,,,,,,,,,,,,,,,,,,,,,,,,,,,,,,,,,,,,
a45a3842-3232-4778-be62-6b076859a146,2021-07-05T18:20:12.351Z,2021-07-12T01:15:12.000Z,9,"No, 11.28m Plot - Core Tree collection",,,,,,,,,,,,,,,,,,,,,,,,9,9,Bl: subalpine fir,,Standing (Live),27.2,,,,1: Older Immature,4 (75-100% healthy),,,,,,,,,,,,,,,,,,,,,,,,,,,,,,,,,,,,,,,,,,,,,,,,,,,,,,,,,,
dfbcea61-06b8-412f-b9de-5f767d7e2b32,2021-07-05T18:18:51.866Z,2021-07-12T01:15:10.000Z,9,"No, 11.28m Plot - Core Tree collection",,,,,,,,,,,,,,,,,,,,,,,,9,9,Sx: spruce hybrid,,Standing (Live),42.5,,,,1: Older Immature,4 (75-100% healthy),,,,,,,,,,,,Pitchi on bole,,,,,,,,,,,,,,,,,,,,,,,,,,,,,,,,,,,,,,,,,,,,,,
4389684d-37ec-41db-9981-ac367419202c,2021-07-05T18:17:38.918Z,2021-07-12T01:15:08.000Z,9,"No, 11.28m Plot - Core Tree collection",,,,,,,,,,,,,,,,,,,,,,,,9,9,D: alder,,Standing (Live),8.3,,,,8: Younger immature,4 (75-100% healthy),,,,,,,,,,,,,,,,,,,,,,,,,,,,,,,,,,,,,,,,,,,,,,,,,,,,,,,,,,
bb0e5b6f-d7d3-47b3-b60d-ad685a0b3bee,2021-07-05T18:16:56.942Z,2021-07-12T01:15:06.000Z,9,"No, 11.28m Plot - Core Tree collection",,,,,,,,,,,,,,,,,,,,,,,,9,9,D: alder,,Standing (Live),10.6,,,,8: Younger immature,4 (75-100% healthy),,,,,,,,,,,,,,,,,,,,,,,,,,,,,,,,,,,,,,,,,,,,,,,,,,,,,,,,,,
b7eeb77d-be1c-48aa-98ec-1e005b342db7,2021-07-05T18:15:17.769Z,2021-07-12T01:15:04.000Z,9,"No, 11.28m Plot - Core Tree collection",,,,,,,,,,,,,,,,,,,,,,,,9,9,Sx: spruce hybrid,,Standing (Live),11.6,,,,8: Younger immature,2 (25-50% healthy),,,,,,,,,,,,,,,,,,,,,,,,,,,,,,,,,,,,,,,,,,,,,,,,,,,,,,,,,,
53a773a0-b4b8-41c6-bbbf-1b9b23df2843,2021-07-05T18:13:41.299Z,2021-07-12T01:15:02.000Z,9,"No, 11.28m Plot - Core Tree collection",,,,,,,,,,,,,,,,,,,,,,,,9,9,Sx: spruce hybrid,,Standing (Live),8.5,,,,8: Younger immature,1 (0-25% healthy),,,2: Middle 1/3 only,,,,,,,,,,,,,,,,,,,,,,,,,,,,,,,,,,,,,,,,,,,,,,,,,,,,,,,
5bf9ff29-28a3-46f1-b279-53949389db17,2021-07-05T18:11:52.199Z,2021-07-12T01:15:00.000Z,9,"No, 11.28m Plot - Core Tree collection",,,,,,,,,,,,,,,,,,,,,,,,9,9,Bl: subalpine fir,,Standing (Live),23.9,,,,1: Older Immature,4 (75-100% healthy),,,,,,,,,,,,,,,,,,,,,,,,,,,,,,,,,,,,,,,,,,,,,,,,,,,,,,,,,,
e1872518-6656-4fd3-bf3b-4690957c19ae,2021-07-05T18:10:20.651Z,2021-07-12T01:14:58.000Z,9,"No, 11.28m Plot - Core Tree collection",,,,,,,,,,,,,,,,,,,,,,,,9,9,Sx: spruce hybrid,,Standing (Live),8,,,,8: Younger immature,3 (50-75% healthy),,,,,,,,,,,,,,,,,,,,,,,,,,,,,,,,,,,,,,,,,,,,,,,,,,,,,,,,,,
e89e8768-26c8-4268-b0af-78896449933c,2021-07-05T18:09:24.991Z,2021-07-12T01:14:56.000Z,9,"No, 11.28m Plot - Core Tree collection",,,,,,,,,,,,,,,,,,,,,,,,9,9,Sx: spruce hybrid,,Standing (Live),28.9,,,,8: Younger immature,4 (75-100% healthy),,,,,,,,,,,,,,,,,,,,,,,,,,,,,,,,,,,,,,,,,,,,,,,,,,,,,,,,,,
f99ff6c5-370a-496c-9315-d6456d2985ee,2021-07-05T18:08:25.067Z,2021-07-12T01:14:55.000Z,9,"No, 11.28m Plot - Core Tree collection",,,,,,,,,,,,,,,,,,,,,,,,9,9,Bl: subalpine fir,,Standing (Live),11.7,,,,8: Younger immature,2 (25-50% healthy),,,1: Bottom 1/3 only,,,,,,,,,,,,,,,,,,,,,,,,,,,,,,,,,,,,,,,,,,,,,,,,,,,,,,,
8e39219f-a6da-4644-86b8-4fac703b9838,2021-07-01T18:10:03.916Z,2021-07-01T20:24:18.000Z,9,"No, 11.28m Plot - Core Tree collection",,,,,,,,,,,,,,,,,,,,,,,,9,9,Sx: spruce hybrid,,Standing (Live),75.7,No,H9P9REF,41.3,5: Mature,4 (75-100% healthy),,,,,,,,,,,,,,,,,,,,,,,,,,,,,,,,,,,,,,,,,,,,,,,,,,,,,,,,,,
11683661-eed9-4199-9440-83a1175a85ca,2021-07-01T18:00:53.479Z,2021-07-01T20:24:16.000Z,9,"No, 11.28m Plot - Core Tree collection",,,,,,,,,,,,,,,,,,,,,,,,9,9,Bl: subalpine fir,,Standing (Live),27.3,Yes,H9P9SIT2,30.5,5: Mature,4 (75-100% healthy),,,,,,,,,,,,,,,,,,,,,,,,,,,,,,,,,,,,,,,,,,,,,,,,,,,,,,,,,,
3a57c302-5539-4266-b879-0a4c330b5207,2021-07-01T17:51:42.751Z,2021-07-01T20:24:15.000Z,9,"No, 11.28m Plot - Core Tree collection",,,,,,,,,,,,,,,,,,,,,,,,9,9,Bl: subalpine fir,,Standing (Live),39.2,Yes,H9P9SIT4,27.1,8: Younger immature,4 (75-100% healthy),,,,,,,,,,,,,,,,,,,,,,,,,,,,,,,,,,,,,,,,,,,,,,,,,,,,,,,,,,
1b988542-e273-4d54-8ad5-b9e4843ec5ca,2021-07-01T17:30:22.144Z,2021-07-01T20:24:13.000Z,9,"No, 11.28m Plot - Core Tree collection",,,,,,,,,,,,,,,,,,,,,,,,9,9,Sx: spruce hybrid,,Standing (Live),65,Yes,H9P9SIT3,39.4,1: Older Immature,4 (75-100% healthy),,,,,,,,,,,,,,,,,,,,,,,,,,,,,,,,,,,,,,,,,,,,,,,,,,,,,,,,,,
d5158814-652c-48e8-aae1-f5a4288655cd,2021-06-30T21:43:14.451Z,2021-07-01T20:24:11.000Z,9,"No, 11.28m Plot - Core Tree collection",,,,,,,,,,,,,,,,,,,,,,,,9,9,Sx: spruce hybrid,,Standing (Live),60.8,Yes,H9P9SIT1,31.9,5: Mature,4 (75-100% healthy),,,,,,,,,,,,,,,,,,,,,,,,,,,,,,,,,,,,,,,,,,,,,,,,,,,,,,,,,,
