ec5_uuid,created_at,uploaded_at,title,X1_Establishing_a_new,lat_3_GPS_Location,long_3_GPS_Location,accuracy_3_GPS_Location,UTM_Northing_3_GPS_Location,UTM_Easting_3_GPS_Location,UTM_Zone_3_GPS_Location,X4_Hexagon_,X5_Plot_,X6_Elevation_m,X7_Slope___or_,X8_Aspect,X9_Slope_Position,X10_Surface_Shape,X11_Slope_Length,X12_Slope_Uniformity,X13_Slope_Continuity,X14_Photo__North,X15_Photo__East,X16_Photo__South,X17_Photo__West,X18_Photo__VegGround,X19_Photo__Overhead,X20_Additional_Commen,X22_Hexagon_,X23_Plot_,X24_Species,X25_If_other_fill_in,X26_Is_it_a_snag,X27_DBH_cm__tenth_dec,X28_Age_Taken,X29_If_age_is_taken_r,X30_For_tress_that_ar,X31_Tree_Class,X32_Live_crown_class,X33_Conk,X34_Blind_Conk,X35_Fork_Crook,X36_Scar,X37_Frost_Damage,X38_Mistletoe,X39_Rotten_Bark,X40_Dead_or_broken_to,X41_Insect_Damage,X42_Fire_Damage,X43_Down_Tree,X44_Additional_Commen,lat_46_399m_Plot_Centre_,long_46_399m_Plot_Centre_,accuracy_46_399m_Plot_Centre_,UTM_Northing_46_399m_Plot_Centre_,UTM_Easting_46_399m_Plot_Centre_,UTM_Zone_46_399m_Plot_Centre_,X47_Hexagon_,X48_Plot_,X49_399m_Plot,X51_Hexagon_,X52_Plot_,X53_Sub_Plot_,X54_Sapling_or_Regene,X55_Species,X56_If_other_fill_in,X57_Regeneration_Heig,X58_Tree_count_indivi,X59_Avg_DBH_Sapling_o,X60_Avg_Height_Saplin,X61_Additional_Commen,lat_63_CWD_POC_Location,long_63_CWD_POC_Location,accuracy_63_CWD_POC_Location,UTM_Northing_63_CWD_POC_Location,UTM_Easting_63_CWD_POC_Location,UTM_Zone_63_CWD_POC_Location,X64_Hexagon_,X65_Plot_,X66_Transect_,X67_Azimuth,X69_Hexagon_,X70_Plot_,X71_Transect_,X72_Position_along_tr,X73_Type_of_CWD,X74_If_other_and_it_i,X75_Species,X76_Decay_class,X77_DBH_at_transect_c,X78_Length_cm,X79_DBH_Left_cm__tent,X80_Distance_off_grou,X81_DBH_Right_cm__ten,X82_Distance_off_grou,X83_Tag_Id,X84_Additional_Commen
eb690350-f4e8-11eb-8b6b-43291cd259b0,2021-08-04T05:57:58.406Z,2021-08-04T06:00:08.000Z,1,"No, 11.28m Plot - Core Tree collection",NA,NA,NA,NA,NA,,NA,NA,NA,NA,,,,,,,,,,,,,NA,1,2,Sb: black spruce,,Standing (Live),28.1,Yes,H1P2SIT4,25.3,1: Older Immature,4 (75-100% healthy),,,,,,,,,,NA,,,NA,NA,NA,NA,NA,,NA,NA,NA,NA,NA,NA,,,NA,,NA,NA,NA,NA,NA,NA,NA,NA,NA,,NA,NA,NA,NA,NA,NA,NA,NA,,NA,,,NA,NA,NA,NA,NA,NA,NA,
80afd890-f4e8-11eb-8b6b-43291cd259b0,2021-08-04T05:54:59.353Z,2021-08-04T05:57:57.000Z,1,"No, 11.28m Plot - Core Tree collection",NA,NA,NA,NA,NA,,NA,NA,NA,NA,,,,,,,,,,,,,NA,1,2,Sb: black spruce,,Standing (Live),22.6,Yes,H1P2SIT3,36.1,1: Older Immature,3 (50-75% healthy),,,,,,,,,,NA,,,NA,NA,NA,NA,NA,,NA,NA,NA,NA,NA,NA,,,NA,,NA,NA,NA,NA,NA,NA,NA,NA,NA,,NA,NA,NA,NA,NA,NA,NA,NA,,NA,,,NA,NA,NA,NA,NA,NA,NA,
1655b330-f4e7-11eb-8b6b-43291cd259b0,2021-08-04T05:44:51.431Z,2021-08-04T05:54:48.000Z,1,"No, 11.28m Plot - Core Tree collection",NA,NA,NA,NA,NA,,NA,NA,NA,NA,,,,,,,,,,,,,NA,1,2,Sx: spruce hybrid,,Standing (Live),36.9,Yes,H1P2SIT2,28.8,1: Older Immature,4 (75-100% healthy),,,,,,,,,,NA,,,NA,NA,NA,NA,NA,,NA,NA,NA,NA,NA,NA,,,NA,,NA,NA,NA,NA,NA,NA,NA,NA,NA,,NA,NA,NA,NA,NA,NA,NA,NA,,NA,,,NA,NA,NA,NA,NA,NA,NA,
0305bf59-9887-49a7-8c22-7827e978aa4f,2021-08-04T05:26:54.900Z,2021-08-04T05:27:52.000Z,3,"No, 11.28m Plot - Core Tree collection",NA,NA,NA,NA,NA,,NA,NA,NA,NA,,,,,,,,,,,,,NA,3,2,Bl: subalpine fir,,Standing (Live),28.7,Yes,H3P2SIT4,23.6,5: Mature,4 (75-100% healthy),,,,,,,,,,NA,,,NA,NA,NA,NA,NA,,NA,NA,NA,NA,NA,NA,,,NA,,NA,NA,NA,NA,NA,NA,NA,NA,NA,,NA,NA,NA,NA,NA,NA,NA,NA,,NA,,,NA,NA,NA,NA,NA,NA,NA,
b33dbc73-6291-4dbf-8e3e-ab6974ae3dfe,2021-08-04T05:25:37.509Z,2021-08-04T05:27:50.000Z,3,"No, 11.28m Plot - Core Tree collection",NA,NA,NA,NA,NA,,NA,NA,NA,NA,,,,,,,,,,,,,NA,3,2,Bl: subalpine fir,,Standing (Live),30.7,Yes,H3P2SIT3,28.2,8: Younger immature,4 (75-100% healthy),,,,,,,,,,NA,,,NA,NA,NA,NA,NA,,NA,NA,NA,NA,NA,NA,,,NA,,NA,NA,NA,NA,NA,NA,NA,NA,NA,,NA,NA,NA,NA,NA,NA,NA,NA,,NA,,,NA,NA,NA,NA,NA,NA,NA,
e209f9c1-dfed-4162-b005-897ddb968b83,2021-08-04T05:24:06.763Z,2021-08-04T05:27:48.000Z,3,"No, 11.28m Plot - Core Tree collection",NA,NA,NA,NA,NA,,NA,NA,NA,NA,,,,,,,,,,,,,NA,3,2,Sx: spruce hybrid,,Standing (Live),53.4,Yes,H3P2SIT2,23.8,8: Younger immature,4 (75-100% healthy),,,,,,,,,,NA,,,NA,NA,NA,NA,NA,,NA,NA,NA,NA,NA,NA,,,NA,,NA,NA,NA,NA,NA,NA,NA,NA,NA,,NA,NA,NA,NA,NA,NA,NA,NA,,NA,,,NA,NA,NA,NA,NA,NA,NA,
f51b7c64-bc87-4fa3-b84b-edc8cc59bb83,2021-08-04T05:22:48.432Z,2021-08-04T05:27:46.000Z,3,"No, 11.28m Plot - Core Tree collection",NA,NA,NA,NA,NA,,NA,NA,NA,NA,,,,,,,,,,,,,NA,3,2,Sx: spruce hybrid,,Standing (Live),48.5,Yes,H3P2SIT1,27.8,8: Younger immature,4 (75-100% healthy),,,,,,,,,,NA,,,NA,NA,NA,NA,NA,,NA,NA,NA,NA,NA,NA,,,NA,,NA,NA,NA,NA,NA,NA,NA,NA,NA,,NA,NA,NA,NA,NA,NA,NA,NA,,NA,,,NA,NA,NA,NA,NA,NA,NA,
e9a18582-08a1-45e2-b9af-acfe461b006b,2021-08-04T05:21:48.276Z,2021-08-04T05:27:44.000Z,1,"No, 11.28m Plot - Core Tree collection",NA,NA,NA,NA,NA,,NA,NA,NA,NA,,,,,,,,,,,,,NA,1,1,Ac: poplar,,Standing (Live),55.1,Yes,H1P1SIT4,22.8,5: Mature,4 (75-100% healthy),,,,,,,,,,NA,,,NA,NA,NA,NA,NA,,NA,NA,NA,NA,NA,NA,,,NA,,NA,NA,NA,NA,NA,NA,NA,NA,NA,,NA,NA,NA,NA,NA,NA,NA,NA,,NA,,,NA,NA,NA,NA,NA,NA,NA,
41b68277-4300-40d8-9dd1-2c5827019456,2021-08-04T05:20:38.819Z,2021-08-04T05:27:42.000Z,1,"No, 11.28m Plot - Core Tree collection",NA,NA,NA,NA,NA,,NA,NA,NA,NA,,,,,,,,,,,,,NA,1,1,Ac: poplar,,Standing (Live),61.5,Yes,H1P1SIT3,33,5: Mature,4 (75-100% healthy),,,,,,,,,,NA,,,NA,NA,NA,NA,NA,,NA,NA,NA,NA,NA,NA,,,NA,,NA,NA,NA,NA,NA,NA,NA,NA,NA,,NA,NA,NA,NA,NA,NA,NA,NA,,NA,,,NA,NA,NA,NA,NA,NA,NA,
52a65a3a-a7a0-40de-9c0f-faf1ae483a51,2021-08-04T05:19:04.642Z,2021-08-04T05:27:40.000Z,1,"No, 11.28m Plot - Core Tree collection",NA,NA,NA,NA,NA,,NA,NA,NA,NA,,,,,,,,,,,,,NA,1,1,Sx: spruce hybrid,,Standing (Live),61.5,Yes,H1P1SIT2,42.6,2: Older immature - Suspect,4 (75-100% healthy),,,,1: Bottom 1/3 only,,,,,,NA,,,NA,NA,NA,NA,NA,,NA,NA,NA,NA,NA,NA,,,NA,,NA,NA,NA,NA,NA,NA,NA,NA,NA,,NA,NA,NA,NA,NA,NA,NA,NA,,NA,,,NA,NA,NA,NA,NA,NA,NA,
011a8441-b914-4b75-9cce-f703d8d525f6,2021-08-04T05:07:18.558Z,2021-08-04T05:27:38.000Z,1,"No, 11.28m Plot - Core Tree collection",NA,NA,NA,NA,NA,,NA,NA,NA,NA,,,,,,,,,,,,,NA,1,1,Sx: spruce hybrid,,Standing (Live),33.3,Yes,H1P1SIT1,32.3,5: Mature,3 (50-75% healthy),,,,,,,,,,NA,,,NA,NA,NA,NA,NA,,NA,NA,NA,NA,NA,NA,,,NA,,NA,NA,NA,NA,NA,NA,NA,NA,NA,,NA,NA,NA,NA,NA,NA,NA,NA,,NA,,,NA,NA,NA,NA,NA,NA,NA,
97c58340-f4d4-11eb-8b6b-43291cd259b0,2021-08-04T03:32:28.148Z,2021-08-04T05:44:50.000Z,1,"No, 11.28m Plot - Core Tree collection",NA,NA,NA,NA,NA,,NA,NA,NA,NA,,,,,,,,,,,,,NA,1,2,Sx: spruce hybrid,,Standing (Live),38.1,Yes,H1P2SIT1,24.2,2: Older immature - Suspect,4 (75-100% healthy),,,,1: Bottom 1/3 only,,,,,,NA,,,NA,NA,NA,NA,NA,,NA,NA,NA,NA,NA,NA,,,NA,,NA,NA,NA,NA,NA,NA,NA,NA,NA,,NA,NA,NA,NA,NA,NA,NA,NA,,NA,,,NA,NA,NA,NA,NA,NA,NA,
28ad60c8-6def-460f-a802-ccb38878e5d9,2021-07-29T22:20:09.261Z,2021-07-30T23:06:21.000Z,15,"No, 11.28m Plot - Core Tree collection",NA,NA,NA,NA,NA,,NA,NA,NA,NA,,,,,,,,,,,,,NA,15,2,Bl: subalpine fir,,Standing (Live),20,Yes,H15P2SIT3,21.2,1: Older Immature,4 (75-100% healthy),,,,,,,,,,NA,,,NA,NA,NA,NA,NA,,NA,NA,NA,NA,NA,NA,,,NA,,NA,NA,NA,NA,NA,NA,NA,NA,NA,,NA,NA,NA,NA,NA,NA,NA,NA,,NA,,,NA,NA,NA,NA,NA,NA,NA,
184c9e34-5939-40c1-a3e4-f1d438c1db19,2021-07-29T22:17:53.496Z,2021-07-30T23:06:19.000Z,15,"No, 11.28m Plot - Core Tree collection",NA,NA,NA,NA,NA,,NA,NA,NA,NA,,,,,,,,,,,,,NA,15,2,Sx: spruce hybrid,,Standing (Live),29.2,Yes,H15P2SIT1,25.4,8: Younger immature,4 (75-100% healthy),,,,,,,,,,NA,,,NA,NA,NA,NA,NA,,NA,NA,NA,NA,NA,NA,,,NA,,NA,NA,NA,NA,NA,NA,NA,NA,NA,,NA,NA,NA,NA,NA,NA,NA,NA,,NA,,,NA,NA,NA,NA,NA,NA,NA,
07fdfdad-db74-46fb-a9c0-a6fa9cc0008d,2021-07-29T22:12:29.941Z,2021-07-30T23:06:17.000Z,15,"No, 11.28m Plot - Core Tree collection",NA,NA,NA,NA,NA,,NA,NA,NA,NA,,,,,,,,,,,,,NA,15,2,Fd: douglas-fir,,Standing (Live),22.2,,,NA,8: Younger immature,4 (75-100% healthy),,,2: Middle 1/3 only,,,,,,,NA,,,NA,NA,NA,NA,NA,,NA,NA,NA,NA,NA,NA,,,NA,,NA,NA,NA,NA,NA,NA,NA,NA,NA,,NA,NA,NA,NA,NA,NA,NA,NA,,NA,,,NA,NA,NA,NA,NA,NA,NA,
8267d01d-4feb-4aa2-ab5f-c620bf8de73d,2021-07-29T22:10:45.872Z,2021-07-30T23:06:15.000Z,15,"No, 11.28m Plot - Core Tree collection",NA,NA,NA,NA,NA,,NA,NA,NA,NA,,,,,,,,,,,,,NA,15,2,Bl: subalpine fir,,Snag (Dead) (45-90%) ,22.2,,,NA,3: Older Immature. Dead Potential,1 (0-25% healthy),,,2: Middle 1/3 only,1: Bottom 1/3 only,1: Bottom 1/3 only,,,,,NA,,,NA,NA,NA,NA,NA,,NA,NA,NA,NA,NA,NA,,,NA,,NA,NA,NA,NA,NA,NA,NA,NA,NA,,NA,NA,NA,NA,NA,NA,NA,NA,,NA,,,NA,NA,NA,NA,NA,NA,NA,
b5f070e4-b406-4d8a-895a-933b448f1d26,2021-07-29T22:07:36.516Z,2021-07-30T23:06:13.000Z,15,"No, 11.28m Plot - Core Tree collection",NA,NA,NA,NA,NA,,NA,NA,NA,NA,,,,,,,,,,,,,NA,15,2,Bl: subalpine fir,,Standing (Live),19.1,,,NA,2: Older immature - Suspect,4 (75-100% healthy),,,,,,,,,,NA,,,NA,NA,NA,NA,NA,,NA,NA,NA,NA,NA,NA,,,NA,,NA,NA,NA,NA,NA,NA,NA,NA,NA,,NA,NA,NA,NA,NA,NA,NA,NA,,NA,,,NA,NA,NA,NA,NA,NA,NA,
93a7e2d5-8c0a-43d0-86ac-da63bb23330b,2021-07-29T22:05:40.032Z,2021-07-30T23:06:11.000Z,15,"No, 11.28m Plot - Core Tree collection",NA,NA,NA,NA,NA,,NA,NA,NA,NA,,,,,,,,,,,,,NA,15,2,Sx: spruce hybrid,,Standing (Live),13.6,,,NA,8: Younger immature,4 (75-100% healthy),,,,,,,,,,NA,,,NA,NA,NA,NA,NA,,NA,NA,NA,NA,NA,NA,,,NA,,NA,NA,NA,NA,NA,NA,NA,NA,NA,,NA,NA,NA,NA,NA,NA,NA,NA,,NA,,,NA,NA,NA,NA,NA,NA,NA,
e463740d-8931-49db-852e-c4a4002db747,2021-07-29T22:04:05.206Z,2021-07-30T23:06:09.000Z,15,"No, 11.28m Plot - Core Tree collection",NA,NA,NA,NA,NA,,NA,NA,NA,NA,,,,,,,,,,,,,NA,15,2,Bl: subalpine fir,,Standing (Live),19.9,,,NA,8: Younger immature,4 (75-100% healthy),,,,,,,,,,NA,,,NA,NA,NA,NA,NA,,NA,NA,NA,NA,NA,NA,,,NA,,NA,NA,NA,NA,NA,NA,NA,NA,NA,,NA,NA,NA,NA,NA,NA,NA,NA,,NA,,,NA,NA,NA,NA,NA,NA,NA,
d7218a6c-54af-4a65-84c9-3260fc13ec9f,2021-07-29T22:03:05.326Z,2021-07-30T23:06:07.000Z,15,"No, 11.28m Plot - Core Tree collection",NA,NA,NA,NA,NA,,NA,NA,NA,NA,,,,,,,,,,,,,NA,15,2,Bl: subalpine fir,,Standing (Live),17.3,,,NA,1: Older Immature,4 (75-100% healthy),,,,,,,,,,NA,,,NA,NA,NA,NA,NA,,NA,NA,NA,NA,NA,NA,,,NA,,NA,NA,NA,NA,NA,NA,NA,NA,NA,,NA,NA,NA,NA,NA,NA,NA,NA,,NA,,,NA,NA,NA,NA,NA,NA,NA,
a91609c5-8031-4d5c-9052-b26880e4477f,2021-07-29T22:01:03.625Z,2021-07-30T23:06:05.000Z,15,"No, 11.28m Plot - Core Tree collection",NA,NA,NA,NA,NA,,NA,NA,NA,NA,,,,,,,,,,,,,NA,15,2,Bl: subalpine fir,,Snag (Dead) (45-90%) ,11.2,,,NA,9: Younger immature - Dead potential,1 (0-25% healthy),,,,,,,,3: Top 1/3 only,,NA,,,NA,NA,NA,NA,NA,,NA,NA,NA,NA,NA,NA,,,NA,,NA,NA,NA,NA,NA,NA,NA,NA,NA,,NA,NA,NA,NA,NA,NA,NA,NA,,NA,,,NA,NA,NA,NA,NA,NA,NA,
7922d57c-03fa-4301-8055-329efa56a9ff,2021-07-29T21:58:34.771Z,2021-07-30T23:06:03.000Z,15,"No, 11.28m Plot - Core Tree collection",NA,NA,NA,NA,NA,,NA,NA,NA,NA,,,,,,,,,,,,,NA,15,2,Sx: spruce hybrid,,Standing (Live),32.7,Yes,H15P2SIT2,23,8: Younger immature,4 (75-100% healthy),,,,,,,,,,NA,,,NA,NA,NA,NA,NA,,NA,NA,NA,NA,NA,NA,,,NA,,NA,NA,NA,NA,NA,NA,NA,NA,NA,,NA,NA,NA,NA,NA,NA,NA,NA,,NA,,,NA,NA,NA,NA,NA,NA,NA,
5ed29040-915c-46c3-aa1d-444e2d91381e,2021-07-29T21:56:48.302Z,2021-07-30T23:06:01.000Z,15,"No, 11.28m Plot - Core Tree collection",NA,NA,NA,NA,NA,,NA,NA,NA,NA,,,,,,,,,,,,,NA,15,2,Bl: subalpine fir,,Standing (Live),22.3,Yes,H15P2SIT4,22.5,8: Younger immature,4 (75-100% healthy),,,,,,,,,,NA,,,NA,NA,NA,NA,NA,,NA,NA,NA,NA,NA,NA,,,NA,,NA,NA,NA,NA,NA,NA,NA,NA,NA,,NA,NA,NA,NA,NA,NA,NA,NA,,NA,,,NA,NA,NA,NA,NA,NA,NA,
6cc98c39-663e-4453-a884-129d61c4bca0,2021-07-29T21:53:44.047Z,2021-07-30T23:05:59.000Z,15,"No, 11.28m Plot - Core Tree collection",NA,NA,NA,NA,NA,,NA,NA,NA,NA,,,,,,,,,,,,,NA,15,2,Ep: paper birch,,Standing (Live),16,,,NA,1: Older Immature,4 (75-100% healthy),,,,,,,,,,NA,,,NA,NA,NA,NA,NA,,NA,NA,NA,NA,NA,NA,,,NA,,NA,NA,NA,NA,NA,NA,NA,NA,NA,,NA,NA,NA,NA,NA,NA,NA,NA,,NA,,,NA,NA,NA,NA,NA,NA,NA,
968ebcba-c849-4901-8f4c-ed03e024b06a,2021-07-29T21:52:13.246Z,2021-07-30T23:05:57.000Z,15,"No, 11.28m Plot - Core Tree collection",NA,NA,NA,NA,NA,,NA,NA,NA,NA,,,,,,,,,,,,,NA,15,2,Bl: subalpine fir,,Standing (Live),10.7,,,NA,8: Younger immature,4 (75-100% healthy),,,,,,,,,,NA,,,NA,NA,NA,NA,NA,,NA,NA,NA,NA,NA,NA,,,NA,,NA,NA,NA,NA,NA,NA,NA,NA,NA,,NA,NA,NA,NA,NA,NA,NA,NA,,NA,,,NA,NA,NA,NA,NA,NA,NA,
e31fcf88-08df-4bf6-9d8f-b8f641e0469c,2021-07-29T21:50:59.218Z,2021-07-30T23:05:55.000Z,15,"No, 11.28m Plot - Core Tree collection",NA,NA,NA,NA,NA,,NA,NA,NA,NA,,,,,,,,,,,,,NA,15,2,Bl: subalpine fir,,Standing (Live),14.8,,,NA,8: Younger immature,4 (75-100% healthy),,,,,,,,,,NA,,,NA,NA,NA,NA,NA,,NA,NA,NA,NA,NA,NA,,,NA,,NA,NA,NA,NA,NA,NA,NA,NA,NA,,NA,NA,NA,NA,NA,NA,NA,NA,,NA,,,NA,NA,NA,NA,NA,NA,NA,
286e59aa-e08c-4522-873e-473017885188,2021-07-29T21:49:14.718Z,2021-07-30T23:05:53.000Z,15,"No, 11.28m Plot - Core Tree collection",NA,NA,NA,NA,NA,,NA,NA,NA,NA,,,,,,,,,,,,,NA,15,2,Sx: spruce hybrid,,Standing (Live),15.2,,,NA,8: Younger immature,4 (75-100% healthy),,,,,,,,,,NA,,,NA,NA,NA,NA,NA,,NA,NA,NA,NA,NA,NA,,,NA,,NA,NA,NA,NA,NA,NA,NA,NA,NA,,NA,NA,NA,NA,NA,NA,NA,NA,,NA,,,NA,NA,NA,NA,NA,NA,NA,
317f3e6e-d7b9-4227-b2bd-b1ad02e27e12,2021-07-29T21:47:54.747Z,2021-07-30T23:05:51.000Z,15,"No, 11.28m Plot - Core Tree collection",NA,NA,NA,NA,NA,,NA,NA,NA,NA,,,,,,,,,,,,,NA,15,2,Sx: spruce hybrid,,Standing (Live),58.3,,,NA,5: Mature,4 (75-100% healthy),,,,4: Bottom and middle,,,,,,NA,,,NA,NA,NA,NA,NA,,NA,NA,NA,NA,NA,NA,,,NA,,NA,NA,NA,NA,NA,NA,NA,NA,NA,,NA,NA,NA,NA,NA,NA,NA,NA,,NA,,,NA,NA,NA,NA,NA,NA,NA,
1c3048ae-2e58-489d-b54c-3c010effa242,2021-07-29T21:45:01.316Z,2021-07-30T23:05:49.000Z,15,"No, 11.28m Plot - Core Tree collection",NA,NA,NA,NA,NA,,NA,NA,NA,NA,,,,,,,,,,,,,NA,15,2,Ep: paper birch,,Standing (Live),11.1,,,NA,2: Older immature - Suspect,4 (75-100% healthy),,,1: Bottom 1/3 only,,,,,,,NA,,,NA,NA,NA,NA,NA,,NA,NA,NA,NA,NA,NA,,,NA,,NA,NA,NA,NA,NA,NA,NA,NA,NA,,NA,NA,NA,NA,NA,NA,NA,NA,,NA,,,NA,NA,NA,NA,NA,NA,NA,
d62c7a9b-4da1-49f6-8ab6-0be0511a6d80,2021-07-29T21:42:50.491Z,2021-07-30T23:05:47.000Z,15,"No, 11.28m Plot - Core Tree collection",NA,NA,NA,NA,NA,,NA,NA,NA,NA,,,,,,,,,,,,,NA,15,2,Bl: subalpine fir,,Snag (Dead) (45-90%) ,17.5,,,NA,9: Younger immature - Dead potential,1 (0-25% healthy),,,2: Middle 1/3 only,1: Bottom 1/3 only,,,,,,NA,,,NA,NA,NA,NA,NA,,NA,NA,NA,NA,NA,NA,,,NA,,NA,NA,NA,NA,NA,NA,NA,NA,NA,,NA,NA,NA,NA,NA,NA,NA,NA,,NA,,,NA,NA,NA,NA,NA,NA,NA,
ac6f39f8-d206-4205-bcba-2d8115f34a47,2021-07-29T21:41:34.683Z,2021-07-30T23:05:45.000Z,15,"No, 11.28m Plot - Core Tree collection",NA,NA,NA,NA,NA,,NA,NA,NA,NA,,,,,,,,,,,,,NA,15,2,Bl: subalpine fir,,Standing (Live),20.9,,,NA,8: Younger immature,4 (75-100% healthy),,,,,,,,,,NA,,,NA,NA,NA,NA,NA,,NA,NA,NA,NA,NA,NA,,,NA,,NA,NA,NA,NA,NA,NA,NA,NA,NA,,NA,NA,NA,NA,NA,NA,NA,NA,,NA,,,NA,NA,NA,NA,NA,NA,NA,
fcd5d22f-6208-4c0e-aa99-5829061e7102,2021-07-29T21:40:03.659Z,2021-07-30T23:05:43.000Z,15,"No, 11.28m Plot - Core Tree collection",NA,NA,NA,NA,NA,,NA,NA,NA,NA,,,,,,,,,,,,,NA,15,2,Sx: spruce hybrid,,Standing (Live),14.2,,,NA,8: Younger immature,3 (50-75% healthy),,,,1: Bottom 1/3 only,,,,,,NA,,,NA,NA,NA,NA,NA,,NA,NA,NA,NA,NA,NA,,,NA,,NA,NA,NA,NA,NA,NA,NA,NA,NA,,NA,NA,NA,NA,NA,NA,NA,NA,,NA,,,NA,NA,NA,NA,NA,NA,NA,
86e67db4-4dd6-4297-8e3c-1f00e3b02df0,2021-07-29T21:36:58.780Z,2021-07-30T23:05:41.000Z,15,"No, 11.28m Plot - Core Tree collection",NA,NA,NA,NA,NA,,NA,NA,NA,NA,,,,,,,,,,,,,NA,15,2,Sx: spruce hybrid,,Standing (Live),8.5,,,NA,8: Younger immature,2 (25-50% healthy),,,4: Bottom and middle,,,,,,,NA,,,NA,NA,NA,NA,NA,,NA,NA,NA,NA,NA,NA,,,NA,,NA,NA,NA,NA,NA,NA,NA,NA,NA,,NA,NA,NA,NA,NA,NA,NA,NA,,NA,,,NA,NA,NA,NA,NA,NA,NA,
99a34065-4972-4024-8cb6-dbaa8bdad335,2021-07-29T21:34:48.852Z,2021-07-30T23:05:39.000Z,15,"No, 11.28m Plot - Core Tree collection",NA,NA,NA,NA,NA,,NA,NA,NA,NA,,,,,,,,,,,,,NA,15,2,Sx: spruce hybrid,,Standing (Live),18.2,,,NA,8: Younger immature,4 (75-100% healthy),,,,,,,,,,NA,,,NA,NA,NA,NA,NA,,NA,NA,NA,NA,NA,NA,,,NA,,NA,NA,NA,NA,NA,NA,NA,NA,NA,,NA,NA,NA,NA,NA,NA,NA,NA,,NA,,,NA,NA,NA,NA,NA,NA,NA,
10e392ce-9c1b-4a81-9de2-0a3e8b342a97,2021-07-29T21:24:18.263Z,2021-08-04T05:27:35.000Z,15,"No, 11.28m Plot - Core Tree collection",NA,NA,NA,NA,NA,,NA,NA,NA,NA,,,,,,,,,,,,,NA,15,2,Fd: douglas-fir,,Down (Dead) (0-45%),21.9,,,NA,9: Younger immature - Dead potential,1 (0-25% healthy),,,,,,,,,,NA,E: Less than or equal to one clean break,,NA,NA,NA,NA,NA,,NA,NA,NA,NA,NA,NA,,,NA,,NA,NA,NA,NA,NA,NA,NA,NA,NA,,NA,NA,NA,NA,NA,NA,NA,NA,,NA,,,NA,NA,NA,NA,NA,NA,NA,
a6775a83-582f-4ed6-bfef-ebb2011fc2ba,2021-07-29T21:20:21.403Z,2021-08-04T05:27:33.000Z,15,"No, 11.28m Plot - Core Tree collection",NA,NA,NA,NA,NA,,NA,NA,NA,NA,,,,,,,,,,,,,NA,15,2,Other,,Down (Dead) (0-45%),40.2,,,NA,4: Dead useless,1 (0-25% healthy),,,,,,,,,,NA,G: More than one clean break OR more shattered Break ,,NA,NA,NA,NA,NA,,NA,NA,NA,NA,NA,NA,,,NA,,NA,NA,NA,NA,NA,NA,NA,NA,NA,,NA,NA,NA,NA,NA,NA,NA,NA,,NA,,,NA,NA,NA,NA,NA,NA,NA,
da695703-9b64-48f1-ad25-6535876958d9,2021-07-29T21:19:23.463Z,2021-08-04T05:27:31.000Z,15,"No, 11.28m Plot - Core Tree collection",NA,NA,NA,NA,NA,,NA,NA,NA,NA,,,,,,,,,,,,,NA,15,2,Fd: douglas-fir,,Down (Dead) (0-45%),63,,,NA,4: Dead useless,1 (0-25% healthy),,,,,,,,,,NA,G: More than one clean break OR more shattered Break ,,NA,NA,NA,NA,NA,,NA,NA,NA,NA,NA,NA,,,NA,,NA,NA,NA,NA,NA,NA,NA,NA,NA,,NA,NA,NA,NA,NA,NA,NA,NA,,NA,,,NA,NA,NA,NA,NA,NA,NA,
b82d9aa9-f481-45f0-b02e-1de2d659fd57,2021-07-29T21:16:12.943Z,2021-08-04T05:27:29.000Z,15,"No, 11.28m Plot - Core Tree collection",NA,NA,NA,NA,NA,,NA,NA,NA,NA,,,,,,,,,,,,,NA,15,2,Other,,Down (Dead) (0-45%),30.2,,,NA,4: Dead useless,1 (0-25% healthy),,,,,,,,,,NA,G: More than one clean break OR more shattered Break ,,NA,NA,NA,NA,NA,,NA,NA,NA,NA,NA,NA,,,NA,,NA,NA,NA,NA,NA,NA,NA,NA,NA,,NA,NA,NA,NA,NA,NA,NA,NA,,NA,,,NA,NA,NA,NA,NA,NA,NA,
90280300-e7b9-46a1-9559-5cc6a9b3d854,2021-07-29T21:13:57.672Z,2021-08-04T05:27:23.000Z,15,"No, 11.28m Plot - Core Tree collection",NA,NA,NA,NA,NA,,NA,NA,NA,NA,,,,,,,,,,,,,NA,15,2,Fd: douglas-fir,,Down (Dead) (0-45%),60,,,NA,4: Dead useless,1 (0-25% healthy),,,,,,,,,,NA,E: Less than or equal to one clean break,,NA,NA,NA,NA,NA,,NA,NA,NA,NA,NA,NA,,,NA,,NA,NA,NA,NA,NA,NA,NA,NA,NA,,NA,NA,NA,NA,NA,NA,NA,NA,,NA,,,NA,NA,NA,NA,NA,NA,NA,
d66bc1e8-e22b-4d38-bb23-3460195cfcfa,2021-07-29T21:12:13.264Z,2021-08-04T05:27:25.000Z,15,"No, 11.28m Plot - Core Tree collection",NA,NA,NA,NA,NA,,NA,NA,NA,NA,,,,,,,,,,,,,NA,15,2,Fd: douglas-fir,,Down (Dead) (0-45%),57.5,,,NA,4: Dead useless,1 (0-25% healthy),,,,,,,,,,NA,E: Less than or equal to one clean break,,NA,NA,NA,NA,NA,,NA,NA,NA,NA,NA,NA,,,NA,,NA,NA,NA,NA,NA,NA,NA,NA,NA,,NA,NA,NA,NA,NA,NA,NA,NA,,NA,,,NA,NA,NA,NA,NA,NA,NA,
dbeb1f8f-3908-4a00-904c-4f2f6d560e06,2021-07-29T21:08:10.221Z,2021-08-04T05:27:27.000Z,15,"No, 11.28m Plot - Core Tree collection",NA,NA,NA,NA,NA,,NA,NA,NA,NA,,,,,,,,,,,,,NA,15,2,Fd: douglas-fir,,Down (Dead) (0-45%),67,,,NA,4: Dead useless,1 (0-25% healthy),,,,,,,,,,NA,E: Less than or equal to one clean break,,NA,NA,NA,NA,NA,,NA,NA,NA,NA,NA,NA,,,NA,,NA,NA,NA,NA,NA,NA,NA,NA,NA,,NA,NA,NA,NA,NA,NA,NA,NA,,NA,,,NA,NA,NA,NA,NA,NA,NA,
b70ff7ec-2894-4706-8bcd-843e4aae475d,2021-07-29T17:09:28.122Z,2021-07-30T23:05:37.000Z,15,"No, 11.28m Plot - Core Tree collection",NA,NA,NA,NA,NA,,NA,NA,NA,NA,,,,,,,,,,,,,NA,15,1,Other,,Down (Dead) (0-45%),68,,,NA,4: Dead useless,1 (0-25% healthy),,,,,,,,,,NA,E: Less than or equal to one clean break,,NA,NA,NA,NA,NA,,NA,NA,NA,NA,NA,NA,,,NA,,NA,NA,NA,NA,NA,NA,NA,NA,NA,,NA,NA,NA,NA,NA,NA,NA,NA,,NA,,,NA,NA,NA,NA,NA,NA,NA,
c73836f4-d7bb-46b6-9eb8-f7686f6b5ef0,2021-07-29T17:08:16.252Z,2021-07-30T23:05:35.000Z,15,"No, 11.28m Plot - Core Tree collection",NA,NA,NA,NA,NA,,NA,NA,NA,NA,,,,,,,,,,,,,NA,15,1,Sx: spruce hybrid,,Down (Dead) (0-45%),58,,,NA,4: Dead useless,1 (0-25% healthy),,,,,,,,,,NA,E: Less than or equal to one clean break,,NA,NA,NA,NA,NA,,NA,NA,NA,NA,NA,NA,,,NA,,NA,NA,NA,NA,NA,NA,NA,NA,NA,,NA,NA,NA,NA,NA,NA,NA,NA,,NA,,,NA,NA,NA,NA,NA,NA,NA,
4cf9bc81-0aca-4f8d-8780-44a2d1e66bc6,2021-07-29T17:07:06.383Z,2021-07-30T23:05:33.000Z,15,"No, 11.28m Plot - Core Tree collection",NA,NA,NA,NA,NA,,NA,NA,NA,NA,,,,,,,,,,,,,NA,15,1,Other,,Down (Dead) (0-45%),34.2,,,NA,4: Dead useless,1 (0-25% healthy),,,,,,,,,,NA,G: More than one clean break OR more shattered Break ,,NA,NA,NA,NA,NA,,NA,NA,NA,NA,NA,NA,,,NA,,NA,NA,NA,NA,NA,NA,NA,NA,NA,,NA,NA,NA,NA,NA,NA,NA,NA,,NA,,,NA,NA,NA,NA,NA,NA,NA,
a0183275-9015-4776-8ca8-e3234d3fde09,2021-07-29T17:03:56.239Z,2021-07-30T23:05:31.000Z,15,"No, 11.28m Plot - Core Tree collection",NA,NA,NA,NA,NA,,NA,NA,NA,NA,,,,,,,,,,,,,NA,15,1,Bl: subalpine fir,,Down (Dead) (0-45%),28.3,,,NA,4: Dead useless,1 (0-25% healthy),,,,,,,,,,NA,G: More than one clean break OR more shattered Break ,,NA,NA,NA,NA,NA,,NA,NA,NA,NA,NA,NA,,,NA,,NA,NA,NA,NA,NA,NA,NA,NA,NA,,NA,NA,NA,NA,NA,NA,NA,NA,,NA,,,NA,NA,NA,NA,NA,NA,NA,
dabe1c88-57c6-4b74-a5a7-30315b8ad4f3,2021-07-29T16:59:37.122Z,2021-07-30T23:05:29.000Z,15,"No, 11.28m Plot - Core Tree collection",NA,NA,NA,NA,NA,,NA,NA,NA,NA,,,,,,,,,,,,,NA,15,1,Sx: spruce hybrid,,Down (Dead) (0-45%),34.2,,,NA,4: Dead useless,1 (0-25% healthy),,,,,,,,,,NA,G: More than one clean break OR more shattered Break ,,NA,NA,NA,NA,NA,,NA,NA,NA,NA,NA,NA,,,NA,,NA,NA,NA,NA,NA,NA,NA,NA,NA,,NA,NA,NA,NA,NA,NA,NA,NA,,NA,,,NA,NA,NA,NA,NA,NA,NA,
2baa5cc8-7d4f-4be5-bf2c-3afdfeb6ba70,2021-07-29T16:58:28.681Z,2021-07-30T23:05:27.000Z,15,"No, 11.28m Plot - Core Tree collection",NA,NA,NA,NA,NA,,NA,NA,NA,NA,,,,,,,,,,,,,NA,15,1,Bl: subalpine fir,,Down (Dead) (0-45%),35.8,,,NA,4: Dead useless,1 (0-25% healthy),,,,,,,,,,NA,E: Less than or equal to one clean break,,NA,NA,NA,NA,NA,,NA,NA,NA,NA,NA,NA,,,NA,,NA,NA,NA,NA,NA,NA,NA,NA,NA,,NA,NA,NA,NA,NA,NA,NA,NA,,NA,,,NA,NA,NA,NA,NA,NA,NA,
6d830459-97a1-4b35-b19b-888fe4a6f63e,2021-07-29T16:55:43.042Z,2021-07-30T23:05:25.000Z,15,"No, 11.28m Plot - Core Tree collection",NA,NA,NA,NA,NA,,NA,NA,NA,NA,,,,,,,,,,,,,NA,15,1,Other,Unknown,Down (Dead) (0-45%),49.9,,,NA,4: Dead useless,1 (0-25% healthy),,,,,,,,,,NA,G: More than one clean break OR more shattered Break ,,NA,NA,NA,NA,NA,,NA,NA,NA,NA,NA,NA,,,NA,,NA,NA,NA,NA,NA,NA,NA,NA,NA,,NA,NA,NA,NA,NA,NA,NA,NA,,NA,,,NA,NA,NA,NA,NA,NA,NA,
93b7a20d-15b1-4d9f-9664-d32a4cb15b43,2021-07-29T16:53:40.147Z,2021-07-30T23:05:23.000Z,15,"No, 11.28m Plot - Core Tree collection",NA,NA,NA,NA,NA,,NA,NA,NA,NA,,,,,,,,,,,,,NA,15,1,Fd: douglas-fir,,Standing (Live),35.4,,,NA,8: Younger immature,4 (75-100% healthy),,,,,,,,,,NA,,,NA,NA,NA,NA,NA,,NA,NA,NA,NA,NA,NA,,,NA,,NA,NA,NA,NA,NA,NA,NA,NA,NA,,NA,NA,NA,NA,NA,NA,NA,NA,,NA,,,NA,NA,NA,NA,NA,NA,NA,
6a77df97-6829-4e5d-ad0e-4a3c0966d394,2021-07-29T16:50:03.662Z,2021-07-30T23:05:21.000Z,15,"No, 11.28m Plot - Core Tree collection",NA,NA,NA,NA,NA,,NA,NA,NA,NA,,,,,,,,,,,,,NA,15,1,Bl: subalpine fir,,Standing (Live),8.5,,,NA,8: Younger immature,4 (75-100% healthy),,,,,,,,,,NA,,,NA,NA,NA,NA,NA,,NA,NA,NA,NA,NA,NA,,,NA,,NA,NA,NA,NA,NA,NA,NA,NA,NA,,NA,NA,NA,NA,NA,NA,NA,NA,,NA,,,NA,NA,NA,NA,NA,NA,NA,
0d70f508-9541-4322-8729-460ce4511d53,2021-07-29T16:47:35.334Z,2021-07-30T23:05:19.000Z,15,"No, 11.28m Plot - Core Tree collection",NA,NA,NA,NA,NA,,NA,NA,NA,NA,,,,,,,,,,,,,NA,15,1,Bl: subalpine fir,,Standing (Live),31.9,,,NA,8: Younger immature,4 (75-100% healthy),,,,,,,,,,NA,,,NA,NA,NA,NA,NA,,NA,NA,NA,NA,NA,NA,,,NA,,NA,NA,NA,NA,NA,NA,NA,NA,NA,,NA,NA,NA,NA,NA,NA,NA,NA,,NA,,,NA,NA,NA,NA,NA,NA,NA,
87d11abc-f6aa-406d-99ab-13da00a7d935,2021-07-29T16:44:38.101Z,2021-07-30T23:05:18.000Z,15,"No, 11.28m Plot - Core Tree collection",NA,NA,NA,NA,NA,,NA,NA,NA,NA,,,,,,,,,,,,,NA,15,1,Bl: subalpine fir,,Standing (Live),27.1,,,NA,8: Younger immature,4 (75-100% healthy),,,1: Bottom 1/3 only,1: Bottom 1/3 only,,,,,,NA,,,NA,NA,NA,NA,NA,,NA,NA,NA,NA,NA,NA,,,NA,,NA,NA,NA,NA,NA,NA,NA,NA,NA,,NA,NA,NA,NA,NA,NA,NA,NA,,NA,,,NA,NA,NA,NA,NA,NA,NA,
9c9d3d58-44d5-4f49-8947-bea8bb229eb0,2021-07-29T16:39:16.583Z,2021-07-30T23:05:16.000Z,15,"No, 11.28m Plot - Core Tree collection",NA,NA,NA,NA,NA,,NA,NA,NA,NA,,,,,,,,,,,,,NA,15,1,Sx: spruce hybrid,,Standing (Live),36.7,Yes,H15P1SIT2,26.3,8: Younger immature,4 (75-100% healthy),,,,,,,,,,NA,,,NA,NA,NA,NA,NA,,NA,NA,NA,NA,NA,NA,,,NA,,NA,NA,NA,NA,NA,NA,NA,NA,NA,,NA,NA,NA,NA,NA,NA,NA,NA,,NA,,,NA,NA,NA,NA,NA,NA,NA,
b3acd975-58b8-43f4-9b62-216f8ef02118,2021-07-29T16:34:25.550Z,2021-07-30T23:05:14.000Z,15,"No, 11.28m Plot - Core Tree collection",NA,NA,NA,NA,NA,,NA,NA,NA,NA,,,,,,,,,,,,,NA,15,1,Bl: subalpine fir,,Standing (Live),27.5,Yes,H15P1SIT3,23.8,8: Younger immature,4 (75-100% healthy),,,,,,,,,,NA,,,NA,NA,NA,NA,NA,,NA,NA,NA,NA,NA,NA,,,NA,,NA,NA,NA,NA,NA,NA,NA,NA,NA,,NA,NA,NA,NA,NA,NA,NA,NA,,NA,,,NA,NA,NA,NA,NA,NA,NA,
9c5c55f5-d93c-42a3-8b31-b678d3720597,2021-07-29T16:30:47.719Z,2021-07-30T23:05:12.000Z,15,"No, 11.28m Plot - Core Tree collection",NA,NA,NA,NA,NA,,NA,NA,NA,NA,,,,,,,,,,,,,NA,15,1,Bl: subalpine fir,,Standing (Live),26.7,Yes,H15P1SIT1,22.9,8: Younger immature,4 (75-100% healthy),,,,,,,,,,NA,,,NA,NA,NA,NA,NA,,NA,NA,NA,NA,NA,NA,,,NA,,NA,NA,NA,NA,NA,NA,NA,NA,NA,,NA,NA,NA,NA,NA,NA,NA,NA,,NA,,,NA,NA,NA,NA,NA,NA,NA,
407df27b-98a1-4ba0-b7a7-c51c56e7c5c1,2021-07-29T16:27:41.950Z,2021-07-30T23:05:10.000Z,15,"No, 11.28m Plot - Core Tree collection",NA,NA,NA,NA,NA,,NA,NA,NA,NA,,,,,,,,,,,,,NA,15,1,Sx: spruce hybrid,,Standing (Live),29.5,Yes,H15P1SIT4,24,8: Younger immature,4 (75-100% healthy),,,,,,,,,,NA,,,NA,NA,NA,NA,NA,,NA,NA,NA,NA,NA,NA,,,NA,,NA,NA,NA,NA,NA,NA,NA,NA,NA,,NA,NA,NA,NA,NA,NA,NA,NA,,NA,,,NA,NA,NA,NA,NA,NA,NA,
6358dff4-e22d-4377-9e6a-883ff366f753,2021-07-09T19:58:13.367Z,2021-07-18T23:07:07.000Z,11,"No, 11.28m Plot - Core Tree collection",NA,NA,NA,NA,NA,,NA,NA,NA,NA,,,,,,,,,,,,,NA,11,3,Bl: subalpine fir,,Snag (Dead) (45-90%) ,9.4,,,NA,8: Younger immature,1 (0-25% healthy),,,,,4: Bottom and middle,,,,,NA,,,NA,NA,NA,NA,NA,,NA,NA,NA,NA,NA,NA,,,NA,,NA,NA,NA,NA,NA,NA,NA,NA,NA,,NA,NA,NA,NA,NA,NA,NA,NA,,NA,,,NA,NA,NA,NA,NA,NA,NA,
2e1919d8-21b9-4272-90f1-7eb224cee73e,2021-07-09T19:56:38.765Z,2021-07-18T23:07:06.000Z,11,"No, 11.28m Plot - Core Tree collection",NA,NA,NA,NA,NA,,NA,NA,NA,NA,,,,,,,,,,,,,NA,11,3,Bl: subalpine fir,,Standing (Live),8.1,,,NA,8: Younger immature,2 (25-50% healthy),,,,,,,,,,NA,,,NA,NA,NA,NA,NA,,NA,NA,NA,NA,NA,NA,,,NA,,NA,NA,NA,NA,NA,NA,NA,NA,NA,,NA,NA,NA,NA,NA,NA,NA,NA,,NA,,,NA,NA,NA,NA,NA,NA,NA,
bef39c8c-aa03-4b58-a041-cbbe2e3a91f3,2021-07-09T19:55:51.509Z,2021-07-18T23:07:04.000Z,11,"No, 11.28m Plot - Core Tree collection",NA,NA,NA,NA,NA,,NA,NA,NA,NA,,,,,,,,,,,,,NA,11,3,Sx: spruce hybrid,,Standing (Live),16.9,,,NA,8: Younger immature,4 (75-100% healthy),,,,,,,,,,NA,,,NA,NA,NA,NA,NA,,NA,NA,NA,NA,NA,NA,,,NA,,NA,NA,NA,NA,NA,NA,NA,NA,NA,,NA,NA,NA,NA,NA,NA,NA,NA,,NA,,,NA,NA,NA,NA,NA,NA,NA,
53c0595d-5cea-47c2-a7da-79d7e935e2dd,2021-07-09T19:55:07.498Z,2021-07-18T23:07:02.000Z,11,"No, 11.28m Plot - Core Tree collection",NA,NA,NA,NA,NA,,NA,NA,NA,NA,,,,,,,,,,,,,NA,11,3,Sx: spruce hybrid,,Standing (Live),27.5,,,NA,8: Younger immature,4 (75-100% healthy),,,,1: Bottom 1/3 only,,,,,,NA,,,NA,NA,NA,NA,NA,,NA,NA,NA,NA,NA,NA,,,NA,,NA,NA,NA,NA,NA,NA,NA,NA,NA,,NA,NA,NA,NA,NA,NA,NA,NA,,NA,,,NA,NA,NA,NA,NA,NA,NA,
c39f4ae7-8b7a-428f-bc82-724094cf84ca,2021-07-09T19:49:17.299Z,2021-07-18T23:07:00.000Z,11,"No, 11.28m Plot - Core Tree collection",NA,NA,NA,NA,NA,,NA,NA,NA,NA,,,,,,,,,,,,,NA,11,3,Bl: subalpine fir,,Standing (Live),31.5,Yes,H11P3SIT3,26.8,8: Younger immature,4 (75-100% healthy),,,,,,,,,,NA,,Out of 11.28 radius plot,NA,NA,NA,NA,NA,,NA,NA,NA,NA,NA,NA,,,NA,,NA,NA,NA,NA,NA,NA,NA,NA,NA,,NA,NA,NA,NA,NA,NA,NA,NA,,NA,,,NA,NA,NA,NA,NA,NA,NA,
16346012-ae26-4052-b429-6e8a685a3ac6,2021-07-09T19:47:34.123Z,2021-07-18T23:06:58.000Z,11,"No, 11.28m Plot - Core Tree collection",NA,NA,NA,NA,NA,,NA,NA,NA,NA,,,,,,,,,,,,,NA,11,3,Sx: spruce hybrid,,Standing (Live),38.2,Yes,H11P3SIT2,27.3,8: Younger immature,4 (75-100% healthy),,,,,,,,,,NA,,,NA,NA,NA,NA,NA,,NA,NA,NA,NA,NA,NA,,,NA,,NA,NA,NA,NA,NA,NA,NA,NA,NA,,NA,NA,NA,NA,NA,NA,NA,NA,,NA,,,NA,NA,NA,NA,NA,NA,NA,
da572e15-e84c-4e8b-a9b2-e267523f227b,2021-07-09T19:46:39.290Z,2021-07-18T23:06:56.000Z,11,"No, 11.28m Plot - Core Tree collection",NA,NA,NA,NA,NA,,NA,NA,NA,NA,,,,,,,,,,,,,NA,11,3,Bl: subalpine fir,,Standing (Live),25,Yes,H11P3SIT5,22.9,8: Younger immature,4 (75-100% healthy),,,,,,,,,,NA,,,NA,NA,NA,NA,NA,,NA,NA,NA,NA,NA,NA,,,NA,,NA,NA,NA,NA,NA,NA,NA,NA,NA,,NA,NA,NA,NA,NA,NA,NA,NA,,NA,,,NA,NA,NA,NA,NA,NA,NA,
2fd88871-ed25-44a3-a88b-59f934c09377,2021-07-09T19:44:56.859Z,2021-07-18T23:06:54.000Z,11,"No, 11.28m Plot - Core Tree collection",NA,NA,NA,NA,NA,,NA,NA,NA,NA,,,,,,,,,,,,,NA,11,3,Sx: spruce hybrid,,Standing (Live),35.5,Yes,H11P3SIT1,27.2,8: Younger immature,4 (75-100% healthy),,,,,,,,,,NA,,,NA,NA,NA,NA,NA,,NA,NA,NA,NA,NA,NA,,,NA,,NA,NA,NA,NA,NA,NA,NA,NA,NA,,NA,NA,NA,NA,NA,NA,NA,NA,,NA,,,NA,NA,NA,NA,NA,NA,NA,
3f3e69bb-3854-4d46-9650-cda53d3351df,2021-07-09T19:43:00.203Z,2021-07-18T23:06:52.000Z,11,"No, 11.28m Plot - Core Tree collection",NA,NA,NA,NA,NA,,NA,NA,NA,NA,,,,,,,,,,,,,NA,11,3,Bl: subalpine fir,,Standing (Live),12.5,,,NA,8: Younger immature,3 (50-75% healthy),,,,,,,,,,NA,,,NA,NA,NA,NA,NA,,NA,NA,NA,NA,NA,NA,,,NA,,NA,NA,NA,NA,NA,NA,NA,NA,NA,,NA,NA,NA,NA,NA,NA,NA,NA,,NA,,,NA,NA,NA,NA,NA,NA,NA,
027e12bd-93ac-4830-bf62-86cf665eb246,2021-07-09T19:42:28.144Z,2021-07-18T23:06:50.000Z,11,"No, 11.28m Plot - Core Tree collection",NA,NA,NA,NA,NA,,NA,NA,NA,NA,,,,,,,,,,,,,NA,11,3,Bl: subalpine fir,,Standing (Live),30.1,,,NA,1: Older Immature,4 (75-100% healthy),,,,2: Middle 1/3 only,,,,,,NA,,,NA,NA,NA,NA,NA,,NA,NA,NA,NA,NA,NA,,,NA,,NA,NA,NA,NA,NA,NA,NA,NA,NA,,NA,NA,NA,NA,NA,NA,NA,NA,,NA,,,NA,NA,NA,NA,NA,NA,NA,
62ebdee4-c762-466c-bffe-54266ed6fa79,2021-07-09T19:41:29.591Z,2021-07-18T23:06:48.000Z,11,"No, 11.28m Plot - Core Tree collection",NA,NA,NA,NA,NA,,NA,NA,NA,NA,,,,,,,,,,,,,NA,11,3,Bl: subalpine fir,,Standing (Live),17.7,,,NA,8: Younger immature,4 (75-100% healthy),,,,,,,,,,NA,,,NA,NA,NA,NA,NA,,NA,NA,NA,NA,NA,NA,,,NA,,NA,NA,NA,NA,NA,NA,NA,NA,NA,,NA,NA,NA,NA,NA,NA,NA,NA,,NA,,,NA,NA,NA,NA,NA,NA,NA,
b6d44569-961d-4b91-bb23-d5a9ddaba5d8,2021-07-09T19:39:32.021Z,2021-07-18T23:06:46.000Z,11,"No, 11.28m Plot - Core Tree collection",NA,NA,NA,NA,NA,,NA,NA,NA,NA,,,,,,,,,,,,,NA,11,3,Sx: spruce hybrid,,Standing (Live),40.6,,,NA,8: Younger immature,4 (75-100% healthy),,,,,,,,,,NA,,,NA,NA,NA,NA,NA,,NA,NA,NA,NA,NA,NA,,,NA,,NA,NA,NA,NA,NA,NA,NA,NA,NA,,NA,NA,NA,NA,NA,NA,NA,NA,,NA,,,NA,NA,NA,NA,NA,NA,NA,
1bbf69a2-45f3-405c-a40c-79cadbed1039,2021-07-09T19:37:36.827Z,2021-07-18T23:06:44.000Z,11,"No, 11.28m Plot - Core Tree collection",NA,NA,NA,NA,NA,,NA,NA,NA,NA,,,,,,,,,,,,,NA,11,3,Bl: subalpine fir,,Standing (Live),12.4,,,NA,8: Younger immature,3 (50-75% healthy),,,,,,,,,,NA,,,NA,NA,NA,NA,NA,,NA,NA,NA,NA,NA,NA,,,NA,,NA,NA,NA,NA,NA,NA,NA,NA,NA,,NA,NA,NA,NA,NA,NA,NA,NA,,NA,,,NA,NA,NA,NA,NA,NA,NA,
29262f41-bd93-4295-b243-5d4f0a03f7bb,2021-07-09T19:36:31.083Z,2021-07-18T23:06:42.000Z,11,"No, 11.28m Plot - Core Tree collection",NA,NA,NA,NA,NA,,NA,NA,NA,NA,,,,,,,,,,,,,NA,11,3,Bl: subalpine fir,,Standing (Live),7.9,,,NA,8: Younger immature,2 (25-50% healthy),,,,,,,,3: Top 1/3 only,,NA,,,NA,NA,NA,NA,NA,,NA,NA,NA,NA,NA,NA,,,NA,,NA,NA,NA,NA,NA,NA,NA,NA,NA,,NA,NA,NA,NA,NA,NA,NA,NA,,NA,,,NA,NA,NA,NA,NA,NA,NA,
a2afac40-553d-43c7-965d-c114c273adbf,2021-07-09T19:35:43.766Z,2021-07-18T23:06:40.000Z,11,"No, 11.28m Plot - Core Tree collection",NA,NA,NA,NA,NA,,NA,NA,NA,NA,,,,,,,,,,,,,NA,11,3,Sx: spruce hybrid,,Standing (Live),31.8,,,NA,8: Younger immature,4 (75-100% healthy),,,,,,,,,,NA,,,NA,NA,NA,NA,NA,,NA,NA,NA,NA,NA,NA,,,NA,,NA,NA,NA,NA,NA,NA,NA,NA,NA,,NA,NA,NA,NA,NA,NA,NA,NA,,NA,,,NA,NA,NA,NA,NA,NA,NA,
2637c149-2606-4c9d-ae61-d3cd7fc9e71c,2021-07-09T19:34:26.290Z,2021-07-18T23:06:38.000Z,11,"No, 11.28m Plot - Core Tree collection",NA,NA,NA,NA,NA,,NA,NA,NA,NA,,,,,,,,,,,,,NA,11,3,Bl: subalpine fir,,Standing (Live),8,,,NA,8: Younger immature,4 (75-100% healthy),,,,,,,,,,NA,,,NA,NA,NA,NA,NA,,NA,NA,NA,NA,NA,NA,,,NA,,NA,NA,NA,NA,NA,NA,NA,NA,NA,,NA,NA,NA,NA,NA,NA,NA,NA,,NA,,,NA,NA,NA,NA,NA,NA,NA,
ec4c098d-2c8d-4f32-8ad4-24a36017a841,2021-07-09T19:33:57.603Z,2021-07-18T23:06:36.000Z,11,"No, 11.28m Plot - Core Tree collection",NA,NA,NA,NA,NA,,NA,NA,NA,NA,,,,,,,,,,,,,NA,11,3,Sx: spruce hybrid,,Standing (Live),8.6,,,NA,8: Younger immature,2 (25-50% healthy),,,,,,,,,,NA,,,NA,NA,NA,NA,NA,,NA,NA,NA,NA,NA,NA,,,NA,,NA,NA,NA,NA,NA,NA,NA,NA,NA,,NA,NA,NA,NA,NA,NA,NA,NA,,NA,,,NA,NA,NA,NA,NA,NA,NA,
0699f8b2-02eb-437b-9536-e5f06ab15201,2021-07-09T19:31:29.311Z,2021-07-18T23:06:34.000Z,11,"No, 11.28m Plot - Core Tree collection",NA,NA,NA,NA,NA,,NA,NA,NA,NA,,,,,,,,,,,,,NA,11,3,Sx: spruce hybrid,,Standing (Live),25.1,,,NA,8: Younger immature,4 (75-100% healthy),,,,,,,,,,NA,,,NA,NA,NA,NA,NA,,NA,NA,NA,NA,NA,NA,,,NA,,NA,NA,NA,NA,NA,NA,NA,NA,NA,,NA,NA,NA,NA,NA,NA,NA,NA,,NA,,,NA,NA,NA,NA,NA,NA,NA,
0277d26f-9b49-4819-be36-369bea818a58,2021-07-09T19:27:17.271Z,2021-07-18T23:06:32.000Z,11,"No, 11.28m Plot - Core Tree collection",NA,NA,NA,NA,NA,,NA,NA,NA,NA,,,,,,,,,,,,,NA,11,3,Bl: subalpine fir,,Snag (Dead) (45-90%) ,14.8,,,NA,8: Younger immature,1 (0-25% healthy),,,,1: Bottom 1/3 only,,,,5: Top and middle,"3: Grey Attach (Balsam, White, Yellow or Lodgepole Pine)",NA,,,NA,NA,NA,NA,NA,,NA,NA,NA,NA,NA,NA,,,NA,,NA,NA,NA,NA,NA,NA,NA,NA,NA,,NA,NA,NA,NA,NA,NA,NA,NA,,NA,,,NA,NA,NA,NA,NA,NA,NA,
ad768c3b-8ef5-4b79-8c51-d8d7da3f3a58,2021-07-09T19:21:34.770Z,2021-07-18T23:06:30.000Z,11,"No, 11.28m Plot - Core Tree collection",NA,NA,NA,NA,NA,,NA,NA,NA,NA,,,,,,,,,,,,,NA,11,3,Bl: subalpine fir,,Standing (Live),22.9,,,NA,8: Younger immature,4 (75-100% healthy),,,,,,,,,,NA,,,NA,NA,NA,NA,NA,,NA,NA,NA,NA,NA,NA,,,NA,,NA,NA,NA,NA,NA,NA,NA,NA,NA,,NA,NA,NA,NA,NA,NA,NA,NA,,NA,,,NA,NA,NA,NA,NA,NA,NA,
57d33d52-c3b8-4876-bf82-845d174396d8,2021-07-09T19:20:20.462Z,2021-07-18T23:06:28.000Z,11,"No, 11.28m Plot - Core Tree collection",NA,NA,NA,NA,NA,,NA,NA,NA,NA,,,,,,,,,,,,,NA,11,3,Fd: douglas-fir,,Standing (Live),11.5,,,NA,8: Younger immature,2 (25-50% healthy),,,,,,,,3: Top 1/3 only,,NA,,,NA,NA,NA,NA,NA,,NA,NA,NA,NA,NA,NA,,,NA,,NA,NA,NA,NA,NA,NA,NA,NA,NA,,NA,NA,NA,NA,NA,NA,NA,NA,,NA,,,NA,NA,NA,NA,NA,NA,NA,
1ab92d96-225f-41cc-9ee3-9addbb099370,2021-07-09T19:18:07.030Z,2021-07-18T23:06:26.000Z,11,"No, 11.28m Plot - Core Tree collection",NA,NA,NA,NA,NA,,NA,NA,NA,NA,,,,,,,,,,,,,NA,11,3,Bl: subalpine fir,,Standing (Live),14,,,NA,8: Younger immature,3 (50-75% healthy),,,3: Top 1/3 only,,,,,,,NA,,,NA,NA,NA,NA,NA,,NA,NA,NA,NA,NA,NA,,,NA,,NA,NA,NA,NA,NA,NA,NA,NA,NA,,NA,NA,NA,NA,NA,NA,NA,NA,,NA,,,NA,NA,NA,NA,NA,NA,NA,
fa06a960-f7ed-41f5-9caa-51552b8c2158,2021-07-09T19:16:42.187Z,2021-07-18T23:06:24.000Z,11,"No, 11.28m Plot - Core Tree collection",NA,NA,NA,NA,NA,,NA,NA,NA,NA,,,,,,,,,,,,,NA,11,3,Bl: subalpine fir,,Standing (Live),18.2,,,NA,8: Younger immature,4 (75-100% healthy),,,,1: Bottom 1/3 only,,,,,,NA,,,NA,NA,NA,NA,NA,,NA,NA,NA,NA,NA,NA,,,NA,,NA,NA,NA,NA,NA,NA,NA,NA,NA,,NA,NA,NA,NA,NA,NA,NA,NA,,NA,,,NA,NA,NA,NA,NA,NA,NA,
393e2230-d994-463d-9f81-3b8f12c40fa5,2021-07-09T19:15:33.980Z,2021-07-18T23:06:22.000Z,11,"No, 11.28m Plot - Core Tree collection",NA,NA,NA,NA,NA,,NA,NA,NA,NA,,,,,,,,,,,,,NA,11,3,Bl: subalpine fir,,Standing (Live),20.4,,,NA,8: Younger immature,4 (75-100% healthy),,,,1: Bottom 1/3 only,,,,,,NA,,,NA,NA,NA,NA,NA,,NA,NA,NA,NA,NA,NA,,,NA,,NA,NA,NA,NA,NA,NA,NA,NA,NA,,NA,NA,NA,NA,NA,NA,NA,NA,,NA,,,NA,NA,NA,NA,NA,NA,NA,
88b22c7e-1d20-4e87-9345-0946b36520ef,2021-07-09T19:13:33.249Z,2021-07-18T23:06:20.000Z,11,"No, 11.28m Plot - Core Tree collection",NA,NA,NA,NA,NA,,NA,NA,NA,NA,,,,,,,,,,,,,NA,11,3,Bl: subalpine fir,,Standing (Live),9.5,,,NA,8: Younger immature,3 (50-75% healthy),,,,,,,,,,NA,,,NA,NA,NA,NA,NA,,NA,NA,NA,NA,NA,NA,,,NA,,NA,NA,NA,NA,NA,NA,NA,NA,NA,,NA,NA,NA,NA,NA,NA,NA,NA,,NA,,,NA,NA,NA,NA,NA,NA,NA,
86e7c49c-f105-45c6-bf14-57972f5b52ed,2021-07-09T19:12:17.418Z,2021-07-18T23:06:18.000Z,11,"No, 11.28m Plot - Core Tree collection",NA,NA,NA,NA,NA,,NA,NA,NA,NA,,,,,,,,,,,,,NA,11,3,Bl: subalpine fir,,Standing (Live),18.4,,,NA,8: Younger immature,4 (75-100% healthy),2: Middle 1/3 only,,,,,,,,,NA,,,NA,NA,NA,NA,NA,,NA,NA,NA,NA,NA,NA,,,NA,,NA,NA,NA,NA,NA,NA,NA,NA,NA,,NA,NA,NA,NA,NA,NA,NA,NA,,NA,,,NA,NA,NA,NA,NA,NA,NA,
ff0cbddc-e6a5-40ad-814f-3255fafe3c93,2021-07-09T19:10:48.409Z,2021-07-18T23:06:15.000Z,11,"No, 11.28m Plot - Core Tree collection",NA,NA,NA,NA,NA,,NA,NA,NA,NA,,,,,,,,,,,,,NA,11,3,Bl: subalpine fir,,Standing (Live),15.3,,,NA,8: Younger immature,4 (75-100% healthy),,,,1: Bottom 1/3 only,,,,,,NA,,,NA,NA,NA,NA,NA,,NA,NA,NA,NA,NA,NA,,,NA,,NA,NA,NA,NA,NA,NA,NA,NA,NA,,NA,NA,NA,NA,NA,NA,NA,NA,,NA,,,NA,NA,NA,NA,NA,NA,NA,
346f6439-8d9c-4088-a11d-93b8995eb082,2021-07-09T19:09:46.641Z,2021-07-18T23:06:16.000Z,11,"No, 11.28m Plot - Core Tree collection",NA,NA,NA,NA,NA,,NA,NA,NA,NA,,,,,,,,,,,,,NA,11,3,Bl: subalpine fir,,Standing (Live),26.7,,,NA,8: Younger immature,4 (75-100% healthy),,,2: Middle 1/3 only,4: Bottom and middle,,,,,,NA,,,NA,NA,NA,NA,NA,,NA,NA,NA,NA,NA,NA,,,NA,,NA,NA,NA,NA,NA,NA,NA,NA,NA,,NA,NA,NA,NA,NA,NA,NA,NA,,NA,,,NA,NA,NA,NA,NA,NA,NA,
d8f0d0be-ec6a-4dc8-833d-b9b90014522b,2021-07-08T18:35:26.330Z,2021-07-18T23:06:13.000Z,10,"No, 11.28m Plot - Core Tree collection",NA,NA,NA,NA,NA,,NA,NA,NA,NA,,,,,,,,,,,,,NA,10,4,At: trembling aspen,,Standing (Live),23.7,,,NA,1: Older Immature,4 (75-100% healthy),,,,1: Bottom 1/3 only,,,,,,NA,,,NA,NA,NA,NA,NA,,NA,NA,NA,NA,NA,NA,,,NA,,NA,NA,NA,NA,NA,NA,NA,NA,NA,,NA,NA,NA,NA,NA,NA,NA,NA,,NA,,,NA,NA,NA,NA,NA,NA,NA,
e8dbc406-8f13-48e6-bcde-2e8dfd5137ec,2021-07-08T18:26:28.218Z,2021-07-18T23:06:11.000Z,10,"No, 11.28m Plot - Core Tree collection",NA,NA,NA,NA,NA,,NA,NA,NA,NA,,,,,,,,,,,,,NA,10,4,Ac: poplar,,Standing (Live),64.5,,,NA,5: Mature,4 (75-100% healthy),,,,,,,,,,NA,,,NA,NA,NA,NA,NA,,NA,NA,NA,NA,NA,NA,,,NA,,NA,NA,NA,NA,NA,NA,NA,NA,NA,,NA,NA,NA,NA,NA,NA,NA,NA,,NA,,,NA,NA,NA,NA,NA,NA,NA,
ea5f98f4-15b8-4986-b584-682dc46b2c03,2021-07-08T18:23:17.173Z,2021-07-18T23:06:09.000Z,10,"No, 11.28m Plot - Core Tree collection",NA,NA,NA,NA,NA,,NA,NA,NA,NA,,,,,,,,,,,,,NA,10,4,At: trembling aspen,,Standing (Live),37,,,NA,2: Older immature - Suspect,4 (75-100% healthy),,,,2: Middle 1/3 only,,,,,,NA,,,NA,NA,NA,NA,NA,,NA,NA,NA,NA,NA,NA,,,NA,,NA,NA,NA,NA,NA,NA,NA,NA,NA,,NA,NA,NA,NA,NA,NA,NA,NA,,NA,,,NA,NA,NA,NA,NA,NA,NA,
c23f398c-f8b1-4bae-ab60-4b8537049470,2021-07-08T18:21:21.869Z,2021-07-18T23:06:07.000Z,10,"No, 11.28m Plot - Core Tree collection",NA,NA,NA,NA,NA,,NA,NA,NA,NA,,,,,,,,,,,,,NA,10,4,Sx: spruce hybrid,,Standing (Live),8,,,NA,8: Younger immature,3 (50-75% healthy),,,,,,,,,,NA,,,NA,NA,NA,NA,NA,,NA,NA,NA,NA,NA,NA,,,NA,,NA,NA,NA,NA,NA,NA,NA,NA,NA,,NA,NA,NA,NA,NA,NA,NA,NA,,NA,,,NA,NA,NA,NA,NA,NA,NA,
19349a6b-c672-4ddf-b744-8a3000e52bfb,2021-07-08T18:19:18.767Z,2021-07-18T23:06:05.000Z,10,"No, 11.28m Plot - Core Tree collection",NA,NA,NA,NA,NA,,NA,NA,NA,NA,,,,,,,,,,,,,NA,10,4,At: trembling aspen,,Standing (Live),33,,,NA,1: Older Immature,4 (75-100% healthy),,,,,,,,,,NA,,,NA,NA,NA,NA,NA,,NA,NA,NA,NA,NA,NA,,,NA,,NA,NA,NA,NA,NA,NA,NA,NA,NA,,NA,NA,NA,NA,NA,NA,NA,NA,,NA,,,NA,NA,NA,NA,NA,NA,NA,
bc4408a4-1327-4a8e-8dde-0fadfa464d20,2021-07-08T18:14:57.923Z,2021-07-18T23:06:03.000Z,10,"No, 11.28m Plot - Core Tree collection",NA,NA,NA,NA,NA,,NA,NA,NA,NA,,,,,,,,,,,,,NA,10,4,Bl: subalpine fir,,Standing (Live),19.6,,,NA,8: Younger immature,4 (75-100% healthy),,,,1: Bottom 1/3 only,,,,,,NA,,sap suckered holes,NA,NA,NA,NA,NA,,NA,NA,NA,NA,NA,NA,,,NA,,NA,NA,NA,NA,NA,NA,NA,NA,NA,,NA,NA,NA,NA,NA,NA,NA,NA,,NA,,,NA,NA,NA,NA,NA,NA,NA,
9318bd05-8ebd-4b1b-847a-a1d47d18e4a1,2021-07-08T18:11:43.829Z,2021-07-18T23:06:01.000Z,10,"No, 11.28m Plot - Core Tree collection",NA,NA,NA,NA,NA,,NA,NA,NA,NA,,,,,,,,,,,,,NA,10,4,At: trembling aspen,,Standing (Live),10.6,,,NA,6: Live useless,1 (0-25% healthy),,,,,,,,2: Middle 1/3 only,,NA,,,NA,NA,NA,NA,NA,,NA,NA,NA,NA,NA,NA,,,NA,,NA,NA,NA,NA,NA,NA,NA,NA,NA,,NA,NA,NA,NA,NA,NA,NA,NA,,NA,,,NA,NA,NA,NA,NA,NA,NA,
7523b82b-d0e4-4efc-82a3-5d2a54ecbb2e,2021-07-08T18:09:45.612Z,2021-07-18T23:05:59.000Z,10,"No, 11.28m Plot - Core Tree collection",NA,NA,NA,NA,NA,,NA,NA,NA,NA,,,,,,,,,,,,,NA,10,4,At: trembling aspen,,Standing (Live),22.5,,,NA,2: Older immature - Suspect,3 (50-75% healthy),,,,2: Middle 1/3 only,,,,,,NA,,,NA,NA,NA,NA,NA,,NA,NA,NA,NA,NA,NA,,,NA,,NA,NA,NA,NA,NA,NA,NA,NA,NA,,NA,NA,NA,NA,NA,NA,NA,NA,,NA,,,NA,NA,NA,NA,NA,NA,NA,
37fef87f-189b-4631-ae0e-5e683102c817,2021-07-08T18:01:46.371Z,2021-07-18T23:05:57.000Z,10,"No, 11.28m Plot - Core Tree collection",NA,NA,NA,NA,NA,,NA,NA,NA,NA,,,,,,,,,,,,,NA,10,4,Bl: subalpine fir,,Standing (Live),19.2,,,NA,8: Younger immature,4 (75-100% healthy),,,,1: Bottom 1/3 only,,,,,,NA,,,NA,NA,NA,NA,NA,,NA,NA,NA,NA,NA,NA,,,NA,,NA,NA,NA,NA,NA,NA,NA,NA,NA,,NA,NA,NA,NA,NA,NA,NA,NA,,NA,,,NA,NA,NA,NA,NA,NA,NA,
0b5927dc-fa22-41a0-a761-33da06a2c5e3,2021-07-08T17:50:12.306Z,2021-07-18T23:05:55.000Z,10,"No, 11.28m Plot - Core Tree collection",NA,NA,NA,NA,NA,,NA,NA,NA,NA,,,,,,,,,,,,,NA,10,4,At: trembling aspen,,Snag (Dead) (45-90%) ,7.5,,,NA,4: Dead useless,1 (0-25% healthy),,,,,4: Bottom and middle,,,,,NA,,,NA,NA,NA,NA,NA,,NA,NA,NA,NA,NA,NA,,,NA,,NA,NA,NA,NA,NA,NA,NA,NA,NA,,NA,NA,NA,NA,NA,NA,NA,NA,,NA,,,NA,NA,NA,NA,NA,NA,NA,
20e3e0eb-2d01-417c-b5d0-bb5050e9ed15,2021-07-08T17:47:50.684Z,2021-07-18T23:05:53.000Z,10,"No, 11.28m Plot - Core Tree collection",NA,NA,NA,NA,NA,,NA,NA,NA,NA,,,,,,,,,,,,,NA,10,4,At: trembling aspen,,Standing (Live),21.9,,,NA,6: Live useless,1 (0-25% healthy),,,,,1: Bottom 1/3 only,,,5: Top and middle,,NA,,,NA,NA,NA,NA,NA,,NA,NA,NA,NA,NA,NA,,,NA,,NA,NA,NA,NA,NA,NA,NA,NA,NA,,NA,NA,NA,NA,NA,NA,NA,NA,,NA,,,NA,NA,NA,NA,NA,NA,NA,
a4bb2c45-308c-4b13-9d66-b51c9c90b220,2021-07-08T17:46:09.221Z,2021-07-18T23:05:52.000Z,10,"No, 11.28m Plot - Core Tree collection",NA,NA,NA,NA,NA,,NA,NA,NA,NA,,,,,,,,,,,,,NA,10,4,At: trembling aspen,,Standing (Live),22.7,,,NA,1: Older Immature,4 (75-100% healthy),,,,,,,,,,NA,,,NA,NA,NA,NA,NA,,NA,NA,NA,NA,NA,NA,,,NA,,NA,NA,NA,NA,NA,NA,NA,NA,NA,,NA,NA,NA,NA,NA,NA,NA,NA,,NA,,,NA,NA,NA,NA,NA,NA,NA,
e06bc84c-9ee7-4ed5-8f3d-3d5950ec6d3a,2021-07-08T17:44:29.525Z,2021-07-18T23:05:48.000Z,10,"No, 11.28m Plot - Core Tree collection",NA,NA,NA,NA,NA,,NA,NA,NA,NA,,,,,,,,,,,,,NA,10,4,At: trembling aspen,,Standing (Live),22.8,,,NA,2: Older immature - Suspect,4 (75-100% healthy),,,,,1: Bottom 1/3 only,,,,,NA,,,NA,NA,NA,NA,NA,,NA,NA,NA,NA,NA,NA,,,NA,,NA,NA,NA,NA,NA,NA,NA,NA,NA,,NA,NA,NA,NA,NA,NA,NA,NA,,NA,,,NA,NA,NA,NA,NA,NA,NA,
1e62e49a-10a8-4f64-9290-8e838bf8ac52,2021-07-08T17:42:04.660Z,2021-07-18T23:05:50.000Z,10,"No, 11.28m Plot - Core Tree collection",NA,NA,NA,NA,NA,,NA,NA,NA,NA,,,,,,,,,,,,,NA,10,4,At: trembling aspen,,Standing (Live),18.5,,,NA,2: Older immature - Suspect,4 (75-100% healthy),,,,1: Bottom 1/3 only,,,,,,NA,,,NA,NA,NA,NA,NA,,NA,NA,NA,NA,NA,NA,,,NA,,NA,NA,NA,NA,NA,NA,NA,NA,NA,,NA,NA,NA,NA,NA,NA,NA,NA,,NA,,,NA,NA,NA,NA,NA,NA,NA,
51311e33-54bf-40d1-bf8e-dc1415687a42,2021-07-08T17:39:03.776Z,2021-07-18T23:05:46.000Z,10,"No, 11.28m Plot - Core Tree collection",NA,NA,NA,NA,NA,,NA,NA,NA,NA,,,,,,,,,,,,,NA,10,4,At: trembling aspen,,Standing (Live),19.8,No,,NA,1: Older Immature,4 (75-100% healthy),,,,,,,,,,NA,,,NA,NA,NA,NA,NA,,NA,NA,NA,NA,NA,NA,,,NA,,NA,NA,NA,NA,NA,NA,NA,NA,NA,,NA,NA,NA,NA,NA,NA,NA,NA,,NA,,,NA,NA,NA,NA,NA,NA,NA,
7fe9f314-3552-4236-bec4-9e54aa87c1f7,2021-07-06T20:50:59.917Z,2021-07-18T23:05:44.000Z,9,"No, 11.28m Plot - Core Tree collection",NA,NA,NA,NA,NA,,NA,NA,NA,NA,,,,,,,,,,,,,NA,9,5,Other,,Down (Dead) (0-45%),40.8,,,NA,4: Dead useless,1 (0-25% healthy),,,,,,,,,,NA,G: More than one clean break OR more shattered Break ,,NA,NA,NA,NA,NA,,NA,NA,NA,NA,NA,NA,,,NA,,NA,NA,NA,NA,NA,NA,NA,NA,NA,,NA,NA,NA,NA,NA,NA,NA,NA,,NA,,,NA,NA,NA,NA,NA,NA,NA,
ef5855a5-1c4d-41e3-b419-7adb95f4e0e0,2021-07-06T20:45:41.130Z,2021-07-18T23:05:42.000Z,9,"No, 11.28m Plot - Core Tree collection",NA,NA,NA,NA,NA,,NA,NA,NA,NA,,,,,,,,,,,,,NA,9,5,Other,,Down (Dead) (0-45%),27.7,,,NA,4: Dead useless,1 (0-25% healthy),,,,,,,,,,NA,G: More than one clean break OR more shattered Break ,,NA,NA,NA,NA,NA,,NA,NA,NA,NA,NA,NA,,,NA,,NA,NA,NA,NA,NA,NA,NA,NA,NA,,NA,NA,NA,NA,NA,NA,NA,NA,,NA,,,NA,NA,NA,NA,NA,NA,NA,
c0f18111-70b1-4a97-9eb7-7f0c002c1d42,2021-07-06T20:42:39.137Z,2021-07-18T23:05:40.000Z,9,"No, 11.28m Plot - Core Tree collection",NA,NA,NA,NA,NA,,NA,NA,NA,NA,,,,,,,,,,,,,NA,9,5,Bl: subalpine fir,,Down (Dead) (0-45%),21.6,,,NA,3: Older Immature. Dead Potential,1 (0-25% healthy),,,,,,,,,"3: Grey Attach (Balsam, White, Yellow or Lodgepole Pine)",NA,G: More than one clean break OR more shattered Break ,,NA,NA,NA,NA,NA,,NA,NA,NA,NA,NA,NA,,,NA,,NA,NA,NA,NA,NA,NA,NA,NA,NA,,NA,NA,NA,NA,NA,NA,NA,NA,,NA,,,NA,NA,NA,NA,NA,NA,NA,
388bbb58-1fae-42dc-a7e6-6a0a93834e4d,2021-07-06T20:37:20.421Z,2021-07-18T23:05:38.000Z,9,"No, 11.28m Plot - Core Tree collection",NA,NA,NA,NA,NA,,NA,NA,NA,NA,,,,,,,,,,,,,NA,9,5,Sx: spruce hybrid,,Down (Dead) (0-45%),57.1,,,NA,7: Mature - Dead potential,1 (0-25% healthy),,,,,,,,,7: Grey Attack (Spruce and Fir),NA,G: More than one clean break OR more shattered Break ,,NA,NA,NA,NA,NA,,NA,NA,NA,NA,NA,NA,,,NA,,NA,NA,NA,NA,NA,NA,NA,NA,NA,,NA,NA,NA,NA,NA,NA,NA,NA,,NA,,,NA,NA,NA,NA,NA,NA,NA,
ff37da22-e286-477e-ab89-c41b5631e888,2021-07-06T20:22:03.789Z,2021-07-18T23:05:36.000Z,9,"No, 11.28m Plot - Core Tree collection",NA,NA,NA,NA,NA,,NA,NA,NA,NA,,,,,,,,,,,,,NA,9,5,Bl: subalpine fir,,Snag (Dead) (45-90%) ,28.2,,,NA,7: Mature - Dead potential,1 (0-25% healthy),,,,4: Bottom and middle,,,,,,NA,,chlorotic needles,NA,NA,NA,NA,NA,,NA,NA,NA,NA,NA,NA,,,NA,,NA,NA,NA,NA,NA,NA,NA,NA,NA,,NA,NA,NA,NA,NA,NA,NA,NA,,NA,,,NA,NA,NA,NA,NA,NA,NA,
5271a3e6-9027-47e4-b6ba-265bbdeeffb3,2021-07-06T20:18:32.009Z,2021-07-18T23:05:35.000Z,9,"No, 11.28m Plot - Core Tree collection",NA,NA,NA,NA,NA,,NA,NA,NA,NA,,,,,,,,,,,,,NA,9,5,Bl: subalpine fir,,Standing (Live),16.7,,,NA,1: Older Immature,3 (50-75% healthy),,,,,,,,,,NA,,,NA,NA,NA,NA,NA,,NA,NA,NA,NA,NA,NA,,,NA,,NA,NA,NA,NA,NA,NA,NA,NA,NA,,NA,NA,NA,NA,NA,NA,NA,NA,,NA,,,NA,NA,NA,NA,NA,NA,NA,
90a76c3c-e7df-4c54-9d36-3c0a2c2873e7,2021-07-06T20:16:08.691Z,2021-07-18T23:05:33.000Z,9,"No, 11.28m Plot - Core Tree collection",NA,NA,NA,NA,NA,,NA,NA,NA,NA,,,,,,,,,,,,,NA,9,5,Bl: subalpine fir,,Standing (Live),22.7,,,NA,1: Older Immature,4 (75-100% healthy),,,,,,,,,,NA,,,NA,NA,NA,NA,NA,,NA,NA,NA,NA,NA,NA,,,NA,,NA,NA,NA,NA,NA,NA,NA,NA,NA,,NA,NA,NA,NA,NA,NA,NA,NA,,NA,,,NA,NA,NA,NA,NA,NA,NA,
3ef87904-dae0-4677-b04c-637b42ca7d4c,2021-07-06T20:14:13.735Z,2021-07-18T23:05:31.000Z,9,"No, 11.28m Plot - Core Tree collection",NA,NA,NA,NA,NA,,NA,NA,NA,NA,,,,,,,,,,,,,NA,9,5,Bl: subalpine fir,,Standing (Live),7.5,,,NA,8: Younger immature,4 (75-100% healthy),,,2: Middle 1/3 only,,,,,,,NA,,,NA,NA,NA,NA,NA,,NA,NA,NA,NA,NA,NA,,,NA,,NA,NA,NA,NA,NA,NA,NA,NA,NA,,NA,NA,NA,NA,NA,NA,NA,NA,,NA,,,NA,NA,NA,NA,NA,NA,NA,
f23568ab-036a-4b50-ae5a-ed9795a01383,2021-07-06T20:11:03.733Z,2021-07-18T23:05:29.000Z,9,"No, 11.28m Plot - Core Tree collection",NA,NA,NA,NA,NA,,NA,NA,NA,NA,,,,,,,,,,,,,NA,9,5,Bl: subalpine fir,,Standing (Live),32.5,,,NA,2: Older immature - Suspect,3 (50-75% healthy),1: Bottom 1/3 only,,3: Top 1/3 only,4: Bottom and middle,,,,,,NA,,,NA,NA,NA,NA,NA,,NA,NA,NA,NA,NA,NA,,,NA,,NA,NA,NA,NA,NA,NA,NA,NA,NA,,NA,NA,NA,NA,NA,NA,NA,NA,,NA,,,NA,NA,NA,NA,NA,NA,NA,
a7defb2a-08ec-4ff7-a786-dda1f6200ff3,2021-07-06T20:08:38.185Z,2021-07-18T23:05:27.000Z,9,"No, 11.28m Plot - Core Tree collection",NA,NA,NA,NA,NA,,NA,NA,NA,NA,,,,,,,,,,,,,NA,9,5,Bl: subalpine fir,,Standing (Live),8.3,,,NA,8: Younger immature,4 (75-100% healthy),,,,,,,,,,NA,,,NA,NA,NA,NA,NA,,NA,NA,NA,NA,NA,NA,,,NA,,NA,NA,NA,NA,NA,NA,NA,NA,NA,,NA,NA,NA,NA,NA,NA,NA,NA,,NA,,,NA,NA,NA,NA,NA,NA,NA,
7ba02557-cd9e-41f8-9abe-fabe14d2fb7a,2021-07-06T20:06:31.093Z,2021-07-18T23:05:25.000Z,9,"No, 11.28m Plot - Core Tree collection",NA,NA,NA,NA,NA,,NA,NA,NA,NA,,,,,,,,,,,,,NA,9,5,Bl: subalpine fir,,Standing (Live),8.1,,,NA,8: Younger immature,3 (50-75% healthy),,,2: Middle 1/3 only,,,,,,,NA,,,NA,NA,NA,NA,NA,,NA,NA,NA,NA,NA,NA,,,NA,,NA,NA,NA,NA,NA,NA,NA,NA,NA,,NA,NA,NA,NA,NA,NA,NA,NA,,NA,,,NA,NA,NA,NA,NA,NA,NA,
fdbb1457-bdca-4710-9ce0-5736d82b4fcc,2021-07-06T20:04:30.165Z,2021-07-23T15:09:52.000Z,9,"No, 11.28m Plot - Core Tree collection",NA,NA,NA,NA,NA,,NA,NA,NA,NA,,,,,,,,,,,,,NA,9,5,Bl: subalpine fir,,Standing (Live),31.2,,,NA,2: Older immature - Suspect,4 (75-100% healthy),,,,1: Bottom 1/3 only,,,,,,NA,,,NA,NA,NA,NA,NA,,NA,NA,NA,NA,NA,NA,,,NA,,NA,NA,NA,NA,NA,NA,NA,NA,NA,,NA,NA,NA,NA,NA,NA,NA,NA,,NA,,,NA,NA,NA,NA,NA,NA,NA,
b6fafb52-76de-4a21-bfa0-df57ec61f2fc,2021-06-23T22:34:28.361Z,2021-07-01T20:35:52.000Z,7,"No, 11.28m Plot - Core Tree collection",NA,NA,NA,NA,NA,,NA,NA,NA,NA,,,,,,,,,,,,,NA,7,7,Other,,Down (Dead) (0-45%),24.2,,,NA,4: Dead useless,1 (0-25% healthy),,,,,,,,,,NA,G: More than one clean break OR more shattered Break ,,NA,NA,NA,NA,NA,,NA,NA,NA,NA,NA,NA,,,NA,,NA,NA,NA,NA,NA,NA,NA,NA,NA,,NA,NA,NA,NA,NA,NA,NA,NA,,NA,,,NA,NA,NA,NA,NA,NA,NA,
e9e00731-0817-4825-98e3-14b57542f5f1,2021-06-23T22:31:36.617Z,2021-07-01T20:35:48.000Z,7,"No, 11.28m Plot - Core Tree collection",NA,NA,NA,NA,NA,,NA,NA,NA,NA,,,,,,,,,,,,,NA,7,7,Other,,Down (Dead) (0-45%),30.4,,,NA,4: Dead useless,1 (0-25% healthy),,,,,,,,,,NA,G: More than one clean break OR more shattered Break ,,NA,NA,NA,NA,NA,,NA,NA,NA,NA,NA,NA,,,NA,,NA,NA,NA,NA,NA,NA,NA,NA,NA,,NA,NA,NA,NA,NA,NA,NA,NA,,NA,,,NA,NA,NA,NA,NA,NA,NA,
fde904cb-0180-420e-817f-342c8181077e,2021-06-23T22:24:08.741Z,2021-07-01T20:35:50.000Z,7,"No, 11.28m Plot - Core Tree collection",NA,NA,NA,NA,NA,,NA,NA,NA,NA,,,,,,,,,,,,,NA,7,7,Other,,Down (Dead) (0-45%),21.1,,,NA,4: Dead useless,1 (0-25% healthy),,,,,,,,,,NA,G: More than one clean break OR more shattered Break ,,NA,NA,NA,NA,NA,,NA,NA,NA,NA,NA,NA,,,NA,,NA,NA,NA,NA,NA,NA,NA,NA,NA,,NA,NA,NA,NA,NA,NA,NA,NA,,NA,,,NA,NA,NA,NA,NA,NA,NA,
13f53c61-a097-49ba-90d8-5cd2e6ac2a64,2021-06-23T22:21:30.474Z,2021-07-01T20:35:46.000Z,7,"No, 11.28m Plot - Core Tree collection",NA,NA,NA,NA,NA,,NA,NA,NA,NA,,,,,,,,,,,,,NA,7,7,Other,,Down (Dead) (0-45%),27.1,,,NA,4: Dead useless,1 (0-25% healthy),,,,,,,,,,NA,G: More than one clean break OR more shattered Break ,,NA,NA,NA,NA,NA,,NA,NA,NA,NA,NA,NA,,,NA,,NA,NA,NA,NA,NA,NA,NA,NA,NA,,NA,NA,NA,NA,NA,NA,NA,NA,,NA,,,NA,NA,NA,NA,NA,NA,NA,
c4f582a0-b227-45b8-940a-9d4a8f9486df,2021-06-23T22:19:13.775Z,2021-07-01T20:35:43.000Z,7,"No, 11.28m Plot - Core Tree collection",NA,NA,NA,NA,NA,,NA,NA,NA,NA,,,,,,,,,,,,,NA,7,7,Other,,Down (Dead) (0-45%),27,,,NA,4: Dead useless,1 (0-25% healthy),,,,,,,,,,NA,E: Less than or equal to one clean break,,NA,NA,NA,NA,NA,,NA,NA,NA,NA,NA,NA,,,NA,,NA,NA,NA,NA,NA,NA,NA,NA,NA,,NA,NA,NA,NA,NA,NA,NA,NA,,NA,,,NA,NA,NA,NA,NA,NA,NA,
630b16b4-d763-4b90-b495-047d1c1178d5,2021-06-23T22:16:22.066Z,2021-07-01T20:35:41.000Z,7,"No, 11.28m Plot - Core Tree collection",NA,NA,NA,NA,NA,,NA,NA,NA,NA,,,,,,,,,,,,,NA,7,7,Bl: subalpine fir,,Down (Dead) (0-45%),28.3,,,NA,4: Dead useless,1 (0-25% healthy),,,,,,,,,,NA,G: More than one clean break OR more shattered Break ,,NA,NA,NA,NA,NA,,NA,NA,NA,NA,NA,NA,,,NA,,NA,NA,NA,NA,NA,NA,NA,NA,NA,,NA,NA,NA,NA,NA,NA,NA,NA,,NA,,,NA,NA,NA,NA,NA,NA,NA,
2d2c9470-4b30-4647-9caa-d1a42213100f,2021-06-23T22:10:25.084Z,2021-07-01T20:35:39.000Z,7,"No, 11.28m Plot - Core Tree collection",NA,NA,NA,NA,NA,,NA,NA,NA,NA,,,,,,,,,,,,,NA,7,7,Other,,Down (Dead) (0-45%),21.9,,,NA,4: Dead useless,1 (0-25% healthy),,,,,,,,,,NA,G: More than one clean break OR more shattered Break ,,NA,NA,NA,NA,NA,,NA,NA,NA,NA,NA,NA,,,NA,,NA,NA,NA,NA,NA,NA,NA,NA,NA,,NA,NA,NA,NA,NA,NA,NA,NA,,NA,,,NA,NA,NA,NA,NA,NA,NA,
b623f60a-cb70-484b-b365-deefc5362955,2021-06-23T22:05:06.887Z,2021-07-01T20:35:38.000Z,7,"No, 11.28m Plot - Core Tree collection",NA,NA,NA,NA,NA,,NA,NA,NA,NA,,,,,,,,,,,,,NA,7,7,Other,,Down (Dead) (0-45%),49.6,,,NA,4: Dead useless,1 (0-25% healthy),,,,,,,,,,NA,G: More than one clean break OR more shattered Break ,,NA,NA,NA,NA,NA,,NA,NA,NA,NA,NA,NA,,,NA,,NA,NA,NA,NA,NA,NA,NA,NA,NA,,NA,NA,NA,NA,NA,NA,NA,NA,,NA,,,NA,NA,NA,NA,NA,NA,NA,
7fd7149a-564a-47ce-b859-e09fc7435c2e,2021-06-23T21:54:43.967Z,2021-07-01T20:35:36.000Z,7,"No, 11.28m Plot - Core Tree collection",NA,NA,NA,NA,NA,,NA,NA,NA,NA,,,,,,,,,,,,,NA,7,7,Sx: spruce hybrid,,Standing (Live),24.9,,,NA,8: Younger immature,4 (75-100% healthy),,,,,,,,,,NA,,,NA,NA,NA,NA,NA,,NA,NA,NA,NA,NA,NA,,,NA,,NA,NA,NA,NA,NA,NA,NA,NA,NA,,NA,NA,NA,NA,NA,NA,NA,NA,,NA,,,NA,NA,NA,NA,NA,NA,NA,
101dd5ba-b9cc-45a3-8d06-022f6b30b664,2021-06-23T21:51:56.547Z,2021-07-01T20:35:34.000Z,7,"No, 11.28m Plot - Core Tree collection",NA,NA,NA,NA,NA,,NA,NA,NA,NA,,,,,,,,,,,,,NA,7,7,Sx: spruce hybrid,,Standing (Live),10,,,NA,8: Younger immature,4 (75-100% healthy),,,,,,,,,,NA,,,NA,NA,NA,NA,NA,,NA,NA,NA,NA,NA,NA,,,NA,,NA,NA,NA,NA,NA,NA,NA,NA,NA,,NA,NA,NA,NA,NA,NA,NA,NA,,NA,,,NA,NA,NA,NA,NA,NA,NA,
a1bda2ab-f879-4735-b133-c81247dc43cc,2021-06-23T21:48:49.533Z,2021-07-01T20:35:32.000Z,7,"No, 11.28m Plot - Core Tree collection",NA,NA,NA,NA,NA,,NA,NA,NA,NA,,,,,,,,,,,,,NA,7,7,Sx: spruce hybrid,,Standing (Live),18.6,,,NA,8: Younger immature,3 (50-75% healthy),,,,,,,,,,NA,,,NA,NA,NA,NA,NA,,NA,NA,NA,NA,NA,NA,,,NA,,NA,NA,NA,NA,NA,NA,NA,NA,NA,,NA,NA,NA,NA,NA,NA,NA,NA,,NA,,,NA,NA,NA,NA,NA,NA,NA,
506dc219-6c69-4c00-9a9c-8568494adf24,2021-06-23T21:43:45.636Z,2021-07-01T20:35:30.000Z,7,"No, 11.28m Plot - Core Tree collection",NA,NA,NA,NA,NA,,NA,NA,NA,NA,,,,,,,,,,,,,NA,7,7,Sx: spruce hybrid,,Standing (Live),16.8,,,NA,8: Younger immature,4 (75-100% healthy),,,,,,,,,,NA,,,NA,NA,NA,NA,NA,,NA,NA,NA,NA,NA,NA,,,NA,,NA,NA,NA,NA,NA,NA,NA,NA,NA,,NA,NA,NA,NA,NA,NA,NA,NA,,NA,,,NA,NA,NA,NA,NA,NA,NA,
0f9ae8c4-4a01-4e60-a0f9-9d4b13720b4e,2021-06-23T21:41:18.179Z,2021-07-01T20:35:28.000Z,7,"No, 11.28m Plot - Core Tree collection",NA,NA,NA,NA,NA,,NA,NA,NA,NA,,,,,,,,,,,,,NA,7,7,Bl: subalpine fir,,Standing (Live),8,No,,NA,8: Younger immature,3 (50-75% healthy),,,,,,,,,,NA,,,NA,NA,NA,NA,NA,,NA,NA,NA,NA,NA,NA,,,NA,,NA,NA,NA,NA,NA,NA,NA,NA,NA,,NA,NA,NA,NA,NA,NA,NA,NA,,NA,,,NA,NA,NA,NA,NA,NA,NA,
615b7432-9754-48ef-8a5f-bd0629741bbb,2021-05-19T17:16:01.664Z,2021-05-21T03:18:13.000Z,615b7432-9754-48ef-8a5f-bd0629741bbb,"No, 3.99m Plots - Regeneration and Sapling collection",NA,NA,NA,NA,NA,,NA,NA,NA,NA,,,,,,,,,,,,,NA,NA,NA,,,,NA,,,NA,,,,,,,,,,,,NA,,,NA,NA,NA,NA,NA,,NA,NA,NA,2,1,1,Sapling (greater then 1.3m tall and DBH less than 7.5cm),Sx: spruce hybrid,NA,,1,3.6,330,NA,NA,NA,NA,NA,NA,,NA,NA,NA,NA,NA,NA,NA,NA,,NA,,,NA,NA,NA,NA,NA,NA,NA,
47e075db-495b-42b0-8e9a-77abf377b046,2021-05-19T17:14:17.080Z,2021-05-21T03:18:10.000Z,47e075db-495b-42b0-8e9a-77abf377b046,"No, 3.99m Plots - Regeneration and Sapling collection",NA,NA,NA,NA,NA,,NA,NA,NA,NA,,,,,,,,,,,,,NA,NA,NA,,,,NA,,,NA,,,,,,,,,,,,NA,,,NA,NA,NA,NA,NA,,NA,NA,NA,2,1,1,Sapling (greater then 1.3m tall and DBH less than 7.5cm),Bl: subalpine fir,NA,,4,4.2,3.5,NA,NA,NA,NA,NA,NA,,NA,NA,NA,NA,NA,NA,NA,NA,,NA,,,NA,NA,NA,NA,NA,NA,NA,
5b5e42fd-f224-4586-96f8-de1d4b3e12ed,2021-05-19T17:11:39.515Z,2021-05-21T03:18:05.000Z,5b5e42fd-f224-4586-96f8-de1d4b3e12ed,"No, 3.99m Plots - Regeneration and Sapling collection",NA,NA,NA,NA,NA,,NA,NA,NA,NA,,,,,,,,,,,,,NA,NA,NA,,,,NA,,,NA,,,,,,,,,,,,NA,,,NA,NA,NA,NA,NA,,NA,NA,NA,2,1,1,Regeneration,Bl: subalpine fir,NA,2: 31 - 130cm,2,NA,NA,NA,NA,NA,NA,NA,NA,,NA,NA,NA,NA,NA,NA,NA,NA,,NA,,,NA,NA,NA,NA,NA,NA,NA,
ebcf46dd-9f1d-4580-8672-17ab396f0dcf,2021-05-19T17:09:55.536Z,2021-05-21T03:18:02.000Z,ebcf46dd-9f1d-4580-8672-17ab396f0dcf,"No, 3.99m Plots - Regeneration and Sapling collection",NA,NA,NA,NA,NA,,NA,NA,NA,NA,,,,,,,,,,,,,NA,NA,NA,,,,NA,,,NA,,,,,,,,,,,,NA,,,NA,NA,NA,NA,NA,,NA,NA,NA,2,1,1,Regeneration,Sx: spruce hybrid,NA,1: 0 - 30cm,5,NA,NA,NA,NA,NA,NA,NA,NA,,NA,NA,NA,NA,NA,NA,NA,NA,,NA,,,NA,NA,NA,NA,NA,NA,NA,
d9f4fd8b-fef0-4646-ac9b-796049f340b6,2021-05-19T17:09:08.708Z,2021-05-21T03:17:59.000Z,d9f4fd8b-fef0-4646-ac9b-796049f340b6,"No, ESTABLISH 3.99m Plot",NA,NA,NA,NA,NA,,NA,NA,NA,NA,,,,,,,,,,,,,NA,NA,NA,,,,NA,,,NA,,,,,,,,,,,,NA,,,54.651357,-124.336637,9,6056816,413760,10U,2,1,1,2,1,1,Regeneration,Bl: subalpine fir,NA,1: 0 - 30cm,36,NA,NA,NA,NA,NA,NA,NA,NA,,NA,NA,NA,NA,NA,NA,NA,NA,,NA,,,NA,NA,NA,NA,NA,NA,NA,
481b7478-9624-4b97-95a3-3b6b64d96c3f,2021-05-19T16:50:44.709Z,2021-05-21T03:17:53.000Z,481b7478-9624-4b97-95a3-3b6b64d96c3f,"No, 3.99m Plots - Regeneration and Sapling collection",NA,NA,NA,NA,NA,,NA,NA,NA,NA,,,,,,,,,,,,,NA,NA,NA,,,,NA,,,NA,,,,,,,,,,,,NA,,,NA,NA,NA,NA,NA,,NA,NA,NA,2,1,2,Sapling (greater then 1.3m tall and DBH less than 7.5cm),Bl: subalpine fir,NA,,6,4,350,NA,NA,NA,NA,NA,NA,,NA,NA,NA,NA,NA,NA,NA,NA,,NA,,,NA,NA,NA,NA,NA,NA,NA,
72e19317-9bf0-44ea-9cec-4edf2627daf1,2021-05-19T16:43:37.845Z,2021-05-21T03:17:56.000Z,72e19317-9bf0-44ea-9cec-4edf2627daf1,"No, 3.99m Plots - Regeneration and Sapling collection",NA,NA,NA,NA,NA,,NA,NA,NA,NA,,,,,,,,,,,,,NA,NA,NA,,,,NA,,,NA,,,,,,,,,,,,NA,,,NA,NA,NA,NA,NA,,NA,NA,NA,2,1,2,Regeneration,Sx: spruce hybrid,NA,,1,3.5,250,NA,NA,NA,NA,NA,NA,,NA,NA,NA,NA,NA,NA,NA,NA,,NA,,,NA,NA,NA,NA,NA,NA,NA,
a1dfb703-94b5-40d7-85d9-67631d108a5e,2021-05-19T16:40:28.429Z,2021-05-21T03:17:50.000Z,a1dfb703-94b5-40d7-85d9-67631d108a5e,"No, 3.99m Plots - Regeneration and Sapling collection",NA,NA,NA,NA,NA,,NA,NA,NA,NA,,,,,,,,,,,,,NA,NA,NA,,,,NA,,,NA,,,,,,,,,,,,NA,,,NA,NA,NA,NA,NA,,NA,NA,NA,2,1,2,Regeneration,Sx: spruce hybrid,NA,2: 31 - 130cm,1,NA,NA,NA,NA,NA,NA,NA,NA,,NA,NA,NA,NA,NA,NA,NA,NA,,NA,,,NA,NA,NA,NA,NA,NA,NA,
a7e0c67c-c8ab-40e0-9d01-67237b1ed3c9,2021-05-19T16:39:17.997Z,2021-05-21T03:17:46.000Z,a7e0c67c-c8ab-40e0-9d01-67237b1ed3c9,"No, 3.99m Plots - Regeneration and Sapling collection",NA,NA,NA,NA,NA,,NA,NA,NA,NA,,,,,,,,,,,,,NA,NA,NA,,,,NA,,,NA,,,,,,,,,,,,NA,,,NA,NA,NA,NA,NA,,NA,NA,NA,2,1,2,Regeneration,Bl: subalpine fir,NA,2: 31 - 130cm,5,NA,NA,NA,NA,NA,NA,NA,NA,,NA,NA,NA,NA,NA,NA,NA,NA,,NA,,,NA,NA,NA,NA,NA,NA,NA,
af47ec9c-2b2a-4b04-bc1a-19ead8b6bc67,2021-05-19T16:34:26.666Z,2021-05-21T03:17:43.000Z,af47ec9c-2b2a-4b04-bc1a-19ead8b6bc67,"No, ESTABLISH 3.99m Plot",NA,NA,NA,NA,NA,,NA,NA,NA,NA,,,,,,,,,,,,,NA,NA,NA,,,,NA,,,NA,,,,,,,,,,,,NA,,,54.651317,-124.336562,7,6056811,413764,10U,2,1,2,2,1,2,Regeneration,Bl: subalpine fir,NA,1: 0 - 30cm,17,NA,NA,NA,NA,NA,NA,NA,NA,,NA,NA,NA,NA,NA,NA,NA,NA,,NA,,,NA,NA,NA,NA,NA,NA,NA,
